fund_id,fund_name,snapshot_date,group_identifier,item_id,asset_name,instrument_id,instrument_type_identifier,quantity,nav_value,exposure,nav_percentage,isin_code,issuer_name
19,Fund H,2026-02-04,bonds,12209,OVER @ LFT 01/09/2028,113,overnight,250,4566200.93,0.9997155834608648,,,Tesouro Nacional
19,Fund H,2026-02-04,cash,3337,BRL,,,,1299.08,0.0002844181718664477,,,
19,Fund H,2026-02-04,provisions,136512,outros/não categorizado,,,,1111.1,0.00024326217843459222,,,
19,Fund H,2026-02-04,provisions,136505,liquidação de compromissada (ida),,,,0,0,,,
19,Fund H,2026-02-04,provisions,136943,cotização de aplicação no fundo,,,,0,0,,,
19,Fund H,2026-02-04,provisions,136947,ajuste de saldo em conta,,,,0,0,,,
19,Fund H,2026-02-04,provisions,136509,taxa de custódia,,,,-111.11,-0.00002432621784345922,,,
19,Fund H,2026-02-04,provisions,136510,taxa de administração,,,,-1000,-0.00021893814997263274,,,
19,Fund H,2026-03-06,bonds,15692,OVER @ LFT 01/03/2029,136,overnight,0,0,0,,,Tesouro Nacional
19,Fund H,2026-03-06,bonds,16582,OVER @ LFT 01/03/2027,148,overnight,236,4369390.27,0.9970015393936096,,,Tesouro Nacional
19,Fund H,2026-03-06,cash,4832,BRL,,,,17686.25,0.004035624509153514,,,
19,Fund H,2026-03-06,provisions,188887,ajuste de PL,,,,0.01,2.281786421176628e-9,,,
19,Fund H,2026-03-06,provisions,188117,liquidação de compromissada (volta),,,,0,0,,,
19,Fund H,2026-03-06,provisions,190716,liquidação de compromissada (ida),,,,0,0,,,
19,Fund H,2026-03-06,provisions,190725,taxa SELIC,,,,0,0,,,
19,Fund H,2026-03-06,provisions,190728,pagamento de resgate do fundo,,,,0,0,,,
19,Fund H,2026-03-06,provisions,188111,taxa de custódia,,,,-454.495455,-0.00010370615577054933,,,
19,Fund H,2026-03-06,provisions,188114,taxa de administração,,,,-4090.90909,-0.0009334580811830036,,,
19,Fund H,2026-04-05,bonds,22416,OVER @ LFT 01/03/2027,148,overnight,230,4295878.88,1.0027367759159578,,,Tesouro Nacional
19,Fund H,2026-04-05,cash,6388,BRL,,,,10275,0.0023983731061439336,,,
19,Fund H,2026-04-05,provisions,206711,taxa de custódia,,,,-2199.810002,-0.0005134759267565191,,,
19,Fund H,2026-04-05,provisions,206710,taxa de administração,,,,-19799.959996,-0.004621673144246438,,,
19,Fund H,2026-05-05,bonds,29525,OVER @ LFT 01/09/2029,164,overnight,224,4417050.47,0.49115186824228774,,,Tesouro Nacional
19,Fund H,2026-05-05,bonds,30436,OVER @ LFT 01/09/2029,164,overnight,243,4590710.92,0.510461960590033,,,Tesouro Nacional
19,Fund H,2026-05-05,cash,8784,BRL,,,,7486.44,0.00083245120578424,,,
19,Fund H,2026-05-05,provisions,261912,taxa de custódia,,,,-2200,-0.000244627974407773,,,
19,Fund H,2026-05-05,provisions,261911,taxa de administração,,,,-19800,-0.002201651769669957,,,
19,Fund H,2026-06-04,bonds,37064,OVER @ LFT 01/09/2028,113,overnight,460,8765928.51,1.0016106211797273,,,Tesouro Nacional
19,Fund H,2026-06-04,cash,11443,BRL,,,,5965.29,0.0006816046717310277,,,
19,Fund H,2026-06-04,provisions,280826,taxa CVM,,,,2795.967134,0.0003194721900428667,,,
19,Fund H,2026-06-04,provisions,280825,taxa de custódia,,,,-2285.714285,-0.00026116978971656797,,,
19,Fund H,2026-06-04,provisions,280824,taxa de administração,,,,-20571.428571,-0.0023505281081346824,,,
19,Fund H,2026-07-04,bonds,49965,OVER @ LFT 01/03/2030,170,overnight,450,8661349.59,1.0002023309226582,,,Tesouro Nacional
19,Fund H,2026-07-04,cash,15519,BRL,,,,18343.37,0.002118270510977295,,,
19,Fund H,2026-07-04,provisions,299811,taxa CVM,,,,2391.089756,0.0002761201959746053,,,
19,Fund H,2026-07-04,provisions,311357,taxa ANBIMA/ANBID,,,,122.1,0.00001409996251453946,,,
19,Fund H,2026-07-04,provisions,311764,ajuste de PL,,,,-0.01,-1.1547880847288665e-9,,,
19,Fund H,2026-07-04,provisions,299814,taxa de custódia,,,,-2260.849561,-0.00026108021344072886,,,
19,Fund H,2026-07-04,provisions,299813,taxa de administração,,,,-20347.796085,-0.0023497392469450677,,,
19,Fund H,2026-08-03,bonds,53034,OVER @ 210100 vencimento 01/03/2028,180,overnight,438,8554871.26,1.0012068473133116,,,Tesouro Nacional
19,Fund H,2026-08-03,cash,16376,BRL,,,,8617.55,0.0010085423621755247,,,
19,Fund H,2026-08-03,provisions,318900,taxa CVM,,,,1986.212378,0.00023245346107540844,,,
19,Fund H,2026-08-03,provisions,318902,taxa ANBIMA/ANBID,,,,36.63,0.0000042869384832683844,,,
19,Fund H,2026-08-03,provisions,319980,ajuste de PL,,,,0.01,1.1703353762676453e-9,,,
19,Fund H,2026-08-03,provisions,318905,taxa de custódia,,,,-2095.238101,-0.00024521312713041415,,,
19,Fund H,2026-08-03,provisions,318904,taxa de administração,,,,-18857.142865,-0.0022069181390242517,,,
19,Fund H,2026-08-11,bonds,55811,OVER @ LFT 01/03/2029,136,overnight,427,0,0,,,Tesouro Nacional
19,Fund H,2026-08-11,cash,19576,BRL,,,,-8360326.44,-8360326.44,,,
19,Fund H,2026-08-11,provisions,340029,taxa CVM,,,,1870.528841,1870.528841,,,
19,Fund H,2026-08-11,provisions,340031,taxa ANBIMA/ANBID,,,,24.42,24.42,,,
19,Fund H,2026-08-11,provisions,340034,taxa de custódia,,,,-666.636665,-666.636665,,,
19,Fund H,2026-08-11,provisions,340033,taxa de administração,,,,-5999.989999,-5999.989999,,,
20,Fund I,2026-02-04,funds,12214,Fund H,161,fund,4567.5,4567500,1,,,
20,Fund I,2026-02-04,provisions,136966,outros/não categorizado,,,,4569.65,0.0010004707170224413,,,
20,Fund I,2026-02-04,provisions,136939,cotização de aplicação no fundo,,,,0,0,,,
20,Fund I,2026-02-04,provisions,136946,liquidação de compra/venda de cotas de fundos,,,,0,0,,,
20,Fund I,2026-02-04,provisions,136522,taxa de administração,,,,-277.78,-0.00006081663929939792,,,
20,Fund I,2026-02-04,provisions,136968,taxa de gestão,,,,-4291.87,-0.0009396540777230432,,,
20,Fund I,2026-03-06,funds,15738,Fund H,161,fund,4562.872671,4382531.12,1.0213284516274868,,,
20,Fund I,2026-03-06,provisions,190742,liquidação de compra/venda de cotas de fundos,,,,0,0,,,
20,Fund I,2026-03-06,provisions,188157,taxa de administração,,,,-1136.353635,-0.00026482191836906037,,,
20,Fund I,2026-03-06,provisions,188888,taxa de gestão,,,,-90384.26,-0.02106363053396483,,,
20,Fund I,2026-04-05,funds,22459,Fund H,161,fund,4491.423768,4284154.11,1.0262860540847605,,,
20,Fund I,2026-04-05,provisions,206818,taxa de administração,,,,-5499.999994,-0.0013175467423363306,,,
20,Fund I,2026-04-05,provisions,206819,taxa de gestão,,,,-104229.160448,-0.02496850744627712,,,
20,Fund I,2026-05-05,funds,29568,Fund H,161,fund,8941.708462,8993247.83,1.0123519883101846,,,
20,Fund I,2026-05-05,cash,8786,BRL,,,,0,0,,,
20,Fund I,2026-05-05,provisions,261949,taxa de administração,,,,-5500,-0.0006191240407710021,,,
20,Fund I,2026-05-05,provisions,261950,taxa de gestão,,,,-104229.115735,-0.011732863872698479,,,
20,Fund I,2026-06-04,funds,37107,Fund H,161,fund,8848.308689,8751832.62,1.0240438259214626,,,
20,Fund I,2026-06-04,cash,11446,BRL,,,,0,0,,,
20,Fund I,2026-06-04,provisions,280868,taxa de administração,,,,-5714.285714,-0.0006686232768698287,,,
20,Fund I,2026-06-04,provisions,280867,taxa de gestão,,,,-199772.566418,-0.023375202898911027,,,
20,Fund I,2026-07-04,funds,45253,Fund H,161,fund,8668.050742,8659597.49,1.0253520499008817,,,
20,Fund I,2026-07-04,cash,14131,BRL,,,,0,0,,,
20,Fund I,2026-07-04,provisions,299863,taxa de administração,,,,-5652.17391,-0.0006692537513182721,,,
20,Fund I,2026-07-04,provisions,299864,taxa de gestão,,,,-208458.241512,-0.024682796804657476,,,
20,Fund I,2026-08-03,funds,53079,Fund H,161,fund,8480.618528,8544559.28,1.025651165004974,,,
20,Fund I,2026-08-03,cash,16380,BRL,,,,0,0,,,
20,Fund I,2026-08-03,provisions,318962,taxa de administração,,,,-5238.09523,-0.0006287578210955419,,,
20,Fund I,2026-08-03,provisions,318963,taxa de gestão,,,,-208458.241512,-0.02502240680387427,,,
20,Fund I,2026-08-11,funds,55857,Fund H,161,fund,8480.618528,-8365098.11,-8365098.110003649,,,
20,Fund I,2026-08-11,cash,19580,BRL,,,,-204772.6,-204772.6,,,
20,Fund I,2026-08-11,provisions,340098,taxa de administração,,,,-1666.666666,-1666.666666,,,
20,Fund I,2026-08-11,provisions,340097,taxa de gestão,,,,-60800.290441,-60800.290441,,,
11,Fund A,2025-12-01,futures,34,Futuro de DAP 2029-05-15,85,future,-46,0,-0.000004714691257652349,,,
11,Fund A,2025-12-01,futures,37,Futuro de DAP 2032-08-16,88,future,-252,0,-0.000020638796659295296,,,
11,Fund A,2025-12-01,futures,35,Futuro de DAP 2035-05-15,86,future,-320,0,-0.000021989174617492316,,,
11,Fund A,2025-12-01,futures,36,Futuro de DAP 2030-08-15,87,future,-561,0,-0.00005273733848618592,,,
11,Fund A,2025-12-01,futures,38,Futuro de DI1 2030-01-02,89,future,-267,0,-0.08671250119217964,,,
11,Fund A,2025-12-01,bonds,19,OVER @ LTN 01/10/2027,73,overnight,22017,17460734.79,0.0925267488023412,,,Tesouro Nacional
11,Fund A,2025-12-01,bonds,23,210100 vencimento 01/03/2028,71,bond,748,13357208.35,0.07078161810808699,,BRSTNCLF1RI1,Tesouro Nacional
11,Fund A,2025-12-01,private_bonds,24,ARTRA7 ARTERIS S.A. IPCA+7.7% 15/Mai/35,75,bond,14803,14841312.25,0.07864608144556089,,BRARTRDBS0C4,ARTERIS S.A.
11,Fund A,2025-12-01,private_bonds,25,ARTRA8 ARTERIS S.A. IPCA+8.2857% 15/Out/32,76,bond,20000,20506310.2,0.10866565670459752,,BRARTRDBS0E0,ARTERIS S.A.
11,Fund A,2025-12-01,private_bonds,29,MTXS11 MTX SE-CAMANDUCAIA SPE S.A. IPCA+12.4111% 15/Set/39,80,bond,30000,31069754.31,0.16464274766245607,,BRMTXSDBS006,MTX SE-CAMANDUCAIA SPE S.A.
11,Fund A,2025-12-01,private_bonds,30,RALM21 RIALMA TRANSMISSORA DE ENERGIA V S/A IPCA+7.8293% 15/Dez/48,81,bond,15640,16727146.86,0.0886393690991532,,BRRALMDBS011,RIALMA TRANSMISSORA DE ENERGIA V S/A
11,Fund A,2025-12-01,private_bonds,26,BTEL13 V.TAL - REDE NEUTRA DE TELECOMUNICACOES S.A. PRÉ+15.05% 15/Abr/32,77,bond,15180,16329263.39,0.08653093184121026,,BRBTELDBS020,V.TAL - REDE NEUTRA DE TELECOMUNICACOES S.A.
11,Fund A,2025-12-01,private_bonds,28,MGPRA0 CONCESSAO METROVIARIA DO RIO DE JANEIRO S/A IPCA+7.8868% 15/Mar/42,79,bond,15000,15434851.83,0.08179132637158239,,BRMGPRDBS076,CONCESSAO METROVIARIA DO RIO DE JANEIRO S/A
11,Fund A,2025-12-01,private_bonds,33,VRDN12 VIARONDON CONCESSIONARIA DE RODOVIA S/A IPCA+5.55% 15/Dez/34,84,bond,12321,14593428.34,0.07733251174137803,,BRVRDNDBS012,VIARONDON CONCESSIONARIA DE RODOVIA S/A
11,Fund A,2025-12-01,private_bonds,31,RISP12 AGUAS DO RIO 1 SPE S.A IPCA+6.9% 15/Jan/34,82,bond,1284388,13915164.91,0.0737383038951229,,BRRISPDBS020,AGUAS DO RIO 1 SPE S.A
11,Fund A,2025-12-01,private_bonds,27,CGEE13 COMPANHIA ESTADUAL DE GERACAO DE ENERGIA ELETRICA - CEEE-G IPCA+8.7219% 14/Dez/41,78,bond,9985,10138183.23,0.05372357716878637,,BRCGEEDBS038,COMPANHIA ESTADUAL DE GERACAO DE ENERGIA ELETRICA - CEEE-G
11,Fund A,2025-12-01,private_bonds,32,TEPA13 BRASIL TECNOLOGIA E PARTICIPACAO S.A. IPCA+11.5593% 15/Mar/32,83,bond,5508,6144933.38,0.03256281675726091,,BRTEPADBS031,BRASIL TECNOLOGIA E PARTICIPACAO S.A.
11,Fund A,2025-12-01,cash,4,BRL,,,,0,0,,,
11,Fund A,2025-12-01,provisions,24,ajuste de futuro,,,,164940.55,0.0008740418441035532,,,
11,Fund A,2025-12-01,provisions,38,taxa CVM,,,,8784.41,0.00004654975332482942,,,
11,Fund A,2025-12-01,provisions,59,ajuste automático para travar PL/cota,,,,0.08,4.2393060729022826e-10,,,
11,Fund A,2025-12-01,provisions,58,ajuste de PL,,,,0.02,1.0598265182255706e-10,,,
11,Fund A,2025-12-01,provisions,21,liquidação de compromissada (ida),,,,0,0,,,
11,Fund A,2025-12-01,provisions,23,outros/não categorizado,,,,0,0,,,
11,Fund A,2025-12-01,provisions,35,liquidação de compra/venda de ativos na BM&F,,,,-26.32,-1.394731697984851e-7,,,
11,Fund A,2025-12-01,provisions,41,taxa SELIC,,,,-224.38,-0.0000011890193707972676,,,
11,Fund A,2025-12-01,provisions,44,despesa de auditoria,,,,-1338.17,-0.000007091140259469559,,,
11,Fund A,2025-12-01,provisions,40,taxa CETIP,,,,-1524.11,-0.000008076460973463872,,,
11,Fund A,2025-12-01,provisions,39,taxa de custódia,,,,-7536.2,-0.000039935323033257725,,,
11,Fund A,2025-12-01,provisions,37,taxa de administração,,,,-10549.65,-0.000055903994139991956,,,
11,Fund A,2025-12-01,provisions,36,pagamento de resgate do fundo,,,,-1960688.1,-0.010389946211746546,,,
11,Fund A,2025-12-31,futures,1227,Futuro de DI1 2030-01-02,89,future,-21,0,-0.006787006486930771,,,
11,Fund A,2025-12-31,futures,1968,Futuro de DI1 2029-01-02,99,future,-21,0,-0.007683152386292981,,,
11,Fund A,2025-12-31,futures,1967,Futuro de DI1 2028-01-03,98,future,-22,0,-0.009103630926521233,,,
11,Fund A,2025-12-31,futures,1966,Futuro de DI1 2027-01-04,97,future,-26,0,-0.012108117995206665,,,
11,Fund A,2025-12-31,futures,1970,Futuro de DI1 2032-01-02,101,future,-85,0,-0.02108895694278175,,,
11,Fund A,2025-12-31,futures,1969,Futuro de DI1 2031-01-02,100,future,-96,0,-0.027073282846964804,,,
11,Fund A,2025-12-31,futures,1964,Futuro de DAP 2026-08-17,95,future,-52,0,-0.04786385073048595,,,
11,Fund A,2025-12-31,futures,1965,Futuro de DAP 2028-08-15,96,future,-84,0,-0.06742039469504364,,,
11,Fund A,2025-12-31,futures,1223,Futuro de DAP 2029-05-15,85,future,-95,0,-0.07250302245210485,,,
11,Fund A,2025-12-31,futures,1962,Futuro de DAP 2027-05-17,93,future,-90,0,-0.07862975806874405,,,
11,Fund A,2025-12-31,futures,1963,Futuro de DAP 2033-05-16,94,future,-151,0,-0.08681516880856009,,,
11,Fund A,2025-12-31,futures,1225,Futuro de DAP 2030-08-15,87,future,-157,0,-0.10958950775953022,,,
11,Fund A,2025-12-31,futures,1226,Futuro de DAP 2032-08-16,88,future,-226,0,-0.13684572579870172,,,
11,Fund A,2025-12-31,futures,1224,Futuro de DAP 2035-05-15,86,future,-384,0,-0.19531645221471894,,,
11,Fund A,2025-12-31,bonds,1211,210100 vencimento 01/03/2028,71,bond,748,13514005.82,0.07178708176884344,,BRSTNCLF1RI1,Tesouro Nacional
11,Fund A,2025-12-31,bonds,3408,OVER @ NTNB 15/05/2035,117,overnight,0,0,0,,,Tesouro Nacional
11,Fund A,2025-12-31,bonds,3439,OVER @ NTNB 15/05/2033,111,overnight,1370,5662359.14,0.03007873787819763,,,Tesouro Nacional
11,Fund A,2025-12-31,private_bonds,1212,ARTRA7 ARTERIS S.A. IPCA+7.7% 15/Mai/35,75,bond,14803,14812989.21,0.07868734721459014,,BRARTRDBS0C4,ARTERIS S.A.
11,Fund A,2025-12-31,private_bonds,1213,ARTRA8 ARTERIS S.A. IPCA+8.2857% 15/Out/32,76,bond,20000,20513003.56,0.10896611145746295,,BRARTRDBS0E0,ARTERIS S.A.
11,Fund A,2025-12-31,private_bonds,1217,MTXS11 MTX SE-CAMANDUCAIA SPE S.A. IPCA+12.4111% 15/Set/39,80,bond,30000,31308336.33,0.16631146463285246,,BRMTXSDBS006,MTX SE-CAMANDUCAIA SPE S.A.
11,Fund A,2025-12-31,private_bonds,1218,RALM21 RIALMA TRANSMISSORA DE ENERGIA V S/A IPCA+7.8293% 15/Dez/48,81,bond,15640,16544858.8,0.0878871259776403,,BRRALMDBS011,RIALMA TRANSMISSORA DE ENERGIA V S/A
11,Fund A,2025-12-31,private_bonds,1216,MGPRA0 CONCESSAO METROVIARIA DO RIO DE JANEIRO S/A IPCA+7.8868% 15/Mar/42,79,bond,15000,15320196.66,0.08138165880588437,,BRMGPRDBS076,CONCESSAO METROVIARIA DO RIO DE JANEIRO S/A
11,Fund A,2025-12-31,private_bonds,4367,MGPRA0 CONCESSAO METROVIARIA DO RIO DE JANEIRO S/A IPCA+7.8868% 15/Mar/42,79,bond,1000,1021346.44,0.005425443920392291,,BRMGPRDBS076,CONCESSAO METROVIARIA DO RIO DE JANEIRO S/A
11,Fund A,2025-12-31,private_bonds,1214,BTEL13 V.TAL - REDE NEUTRA DE TELECOMUNICACOES S.A. PRÉ+15.05% 15/Abr/32,77,bond,15180,16115242,0.08560497983240495,,BRBTELDBS020,V.TAL - REDE NEUTRA DE TELECOMUNICACOES S.A.
11,Fund A,2025-12-31,private_bonds,1221,VRDN12 VIARONDON CONCESSIONARIA DE RODOVIA S/A IPCA+5.55% 15/Dez/34,84,bond,12321,14194930.94,0.07540419044509585,,BRVRDNDBS012,VIARONDON CONCESSIONARIA DE RODOVIA S/A
11,Fund A,2025-12-31,private_bonds,3723,VRDN12 VIARONDON CONCESSIONARIA DE RODOVIA S/A IPCA+5.55% 15/Dez/34,84,bond,46,52996.25,0.0002815187696188953,,BRVRDNDBS012,VIARONDON CONCESSIONARIA DE RODOVIA S/A
11,Fund A,2025-12-31,private_bonds,1219,RISP12 AGUAS DO RIO 1 SPE S.A IPCA+6.9% 15/Jan/34,82,bond,1284388,14031615.23,0.07453664915859291,,BRRISPDBS020,AGUAS DO RIO 1 SPE S.A
11,Fund A,2025-12-31,private_bonds,1215,CGEE13 COMPANHIA ESTADUAL DE GERACAO DE ENERGIA ELETRICA - CEEE-G IPCA+8.7219% 14/Dez/41,78,bond,9985,9650527.84,0.05126409154911168,,BRCGEEDBS038,COMPANHIA ESTADUAL DE GERACAO DE ENERGIA ELETRICA - CEEE-G
11,Fund A,2025-12-31,private_bonds,3673,CGEE13 COMPANHIA ESTADUAL DE GERACAO DE ENERGIA ELETRICA - CEEE-G IPCA+8.7219% 14/Dez/41,78,bond,204,197166.52,0.0010473585053599182,,BRCGEEDBS038,COMPANHIA ESTADUAL DE GERACAO DE ENERGIA ELETRICA - CEEE-G
11,Fund A,2025-12-31,private_bonds,3722,CGEE13 COMPANHIA ESTADUAL DE GERACAO DE ENERGIA ELETRICA - CEEE-G IPCA+8.7219% 14/Dez/41,78,bond,400,386601.02,0.002053644128156702,,BRCGEEDBS038,COMPANHIA ESTADUAL DE GERACAO DE ENERGIA ELETRICA - CEEE-G
11,Fund A,2025-12-31,private_bonds,1220,TEPA13 BRASIL TECNOLOGIA E PARTICIPACAO S.A. IPCA+11.5593% 15/Mar/32,83,bond,5508,6181768.47,0.0328378665058082,,BRTEPADBS031,BRASIL TECNOLOGIA E PARTICIPACAO S.A.
11,Fund A,2025-12-31,private_bonds,4213,RDORD9 REDE DOR SAO LUIZ S/A CDI+2.25% 25/Jul/31,123,bond,4650,5132028.99,0.027261597312915983,,BRRDORDBS0K9,REDE DOR SAO LUIZ S/A
11,Fund A,2025-12-31,private_bonds,4214,CMGD19 CEMIG DISTRIBUICAO S/A CDI+2.05% 15/Mai/26,124,bond,7875,4021069.89,0.02136012642326588,,BRCMGDDBS0C8,CEMIG DISTRIBUICAO S/A
11,Fund A,2025-12-31,private_bonds,3672,PSAN23 PARSAN S.A. CDI+2.7% 18/Mar/30,120,bond,392,417780.71,0.00221927222301843,,BRPSANDBS026,PARSAN S.A.
11,Fund A,2025-12-31,private_bonds,4253,PSAN23 PARSAN S.A. CDI+2.7% 18/Mar/30,120,bond,1000,1065767.11,0.005661408732189873,,BRPSANDBS026,PARSAN S.A.
11,Fund A,2025-12-31,cash,1669,BRL,,,,0,0,,,
11,Fund A,2025-12-31,provisions,20702,ajuste de futuro,,,,86169.65,0.0004577375350560594,,,
11,Fund A,2025-12-31,provisions,20350,taxa CVM,,,,7038.91,0.000037391045604588704,,,
11,Fund A,2025-12-31,provisions,17345,liquidação de compromissada (volta),,,,0,0,,,
11,Fund A,2025-12-31,provisions,17373,liquidação de compromissada (ida),,,,0,0,,,
11,Fund A,2025-12-31,provisions,22291,ajuste automático para travar PL/cota,,,,-0.01,-5.3120505312028005e-11,,,
11,Fund A,2025-12-31,provisions,22138,liquidação de compra/venda de ativos na BM&F,,,,-13.73,-7.293445379341445e-8,,,
11,Fund A,2025-12-31,provisions,22004,taxa SELIC,,,,-201.99,-0.0000010729810867976538,,,
11,Fund A,2025-12-31,provisions,22140,despesa de auditoria,,,,-1488.45,-0.000007906721613168808,,,
11,Fund A,2025-12-31,provisions,20695,taxa CETIP,,,,-4315.16,-0.000022922347970225078,,,
11,Fund A,2025-12-31,provisions,16244,taxa de custódia,,,,-8279.96,-0.00004398356591633794,,,
11,Fund A,2025-12-31,provisions,16242,taxa de administração,,,,-11590.81,-0.00006157096841757074,,,
11,Fund A,2025-12-31,provisions,22147,pagamento de resgate do fundo,,,,-1960688.1,-0.01041527426312801,,,
11,Fund A,2026-01-30,futures,6625,Futuro de DI1 2030-01-02,89,future,-21,0,-0.006828640886538155,,,
11,Fund A,2026-01-30,futures,6620,Futuro de DI1 2029-01-02,99,future,-21,0,-0.007734151439504676,,,
11,Fund A,2026-01-30,futures,6630,Futuro de DI1 2028-01-03,98,future,-22,0,-0.009113435241414024,,,
11,Fund A,2026-01-30,futures,6618,Futuro de DI1 2027-01-04,97,future,-25,0,-0.011592955566571818,,,
11,Fund A,2026-01-30,futures,6626,Futuro de DI1 2032-01-02,101,future,-83,0,-0.02085737968966658,,,
11,Fund A,2026-01-30,futures,6629,Futuro de DI1 2031-01-02,100,future,-94,0,-0.02689053205265201,,,
11,Fund A,2026-01-30,futures,6619,Futuro de DAP 2026-08-17,95,future,-51,0,-0.04668218992617726,,,
11,Fund A,2026-01-30,futures,6624,Futuro de DAP 2028-08-15,96,future,-84,0,-0.06701997247667392,,,
11,Fund A,2026-01-30,futures,6621,Futuro de DAP 2029-05-15,85,future,-96,0,-0.07288579019131043,,,
11,Fund A,2026-01-30,futures,6627,Futuro de DAP 2027-05-17,93,future,-92,0,-0.07997742779925934,,,
11,Fund A,2026-01-30,futures,6622,Futuro de DAP 2033-05-16,94,future,-155,0,-0.08825778989033242,,,
11,Fund A,2026-01-30,futures,6623,Futuro de DAP 2030-08-15,87,future,-159,0,-0.1102572674539917,,,
11,Fund A,2026-01-30,futures,6617,Futuro de DAP 2032-08-16,88,future,-229,0,-0.13763022202977035,,,
11,Fund A,2026-01-30,futures,6628,Futuro de DAP 2035-05-15,86,future,-396,0,-0.19766238711361778,,,
11,Fund A,2026-01-30,bonds,6594,210100 vencimento 01/03/2028,71,bond,748,13672807.99,0.07112099722404638,,BRSTNCLF1RI1,Tesouro Nacional
11,Fund A,2026-01-30,bonds,8340,OVER @ NTNB 15/08/2028,92,overnight,0,0,0,,,Tesouro Nacional
11,Fund A,2026-01-30,bonds,8446,OVER @ NTNB 15/08/2028,92,overnight,922,4143492.78,0.02155294937770509,,,Tesouro Nacional
11,Fund A,2026-01-30,private_bonds,6595,ARTRA7 ARTERIS S.A. IPCA+7.7% 15/Mai/35,75,bond,14803,15269735.58,0.0794276364269062,,BRARTRDBS0C4,ARTERIS S.A.
11,Fund A,2026-01-30,private_bonds,6596,ARTRA8 ARTERIS S.A. IPCA+8.2857% 15/Out/32,76,bond,20000,21095891.6,0.10973319077988553,,BRARTRDBS0E0,ARTERIS S.A.
11,Fund A,2026-01-30,private_bonds,6600,MTXS11 MTX SE-CAMANDUCAIA SPE S.A. IPCA+12.4111% 15/Set/39,80,bond,30000,31758440.46,0.16519590979832374,,BRMTXSDBS006,MTX SE-CAMANDUCAIA SPE S.A.
11,Fund A,2026-01-30,private_bonds,6601,RALM21 RIALMA TRANSMISSORA DE ENERGIA V S/A IPCA+7.8293% 15/Dez/48,81,bond,15640,17094818.9,0.0889210590780031,,BRRALMDBS011,RIALMA TRANSMISSORA DE ENERGIA V S/A
11,Fund A,2026-01-30,private_bonds,6599,MGPRA0 CONCESSAO METROVIARIA DO RIO DE JANEIRO S/A IPCA+7.8868% 15/Mar/42,79,bond,15000,15778224.96,0.0820726140678326,,BRMGPRDBS076,CONCESSAO METROVIARIA DO RIO DE JANEIRO S/A
11,Fund A,2026-01-30,private_bonds,6612,MGPRA0 CONCESSAO METROVIARIA DO RIO DE JANEIRO S/A IPCA+7.8868% 15/Mar/42,79,bond,1000,1051881.66,0.005471507604522174,,BRMGPRDBS076,CONCESSAO METROVIARIA DO RIO DE JANEIRO S/A
11,Fund A,2026-01-30,private_bonds,6597,BTEL13 V.TAL - REDE NEUTRA DE TELECOMUNICACOES S.A. PRÉ+15.05% 15/Abr/32,77,bond,15180,16357853.15,0.0850876300602532,,BRBTELDBS020,V.TAL - REDE NEUTRA DE TELECOMUNICACOES S.A.
11,Fund A,2026-01-30,private_bonds,6604,VRDN12 VIARONDON CONCESSIONARIA DE RODOVIA S/A IPCA+5.55% 15/Dez/34,84,bond,12321,14615203.49,0.0760229974353054,,BRVRDNDBS012,VIARONDON CONCESSIONARIA DE RODOVIA S/A
11,Fund A,2026-01-30,private_bonds,6608,VRDN12 VIARONDON CONCESSIONARIA DE RODOVIA S/A IPCA+5.55% 15/Dez/34,84,bond,46,54565.32,0.00028382906274036594,,BRVRDNDBS012,VIARONDON CONCESSIONARIA DE RODOVIA S/A
11,Fund A,2026-01-30,private_bonds,6602,RISP12 AGUAS DO RIO 1 SPE S.A IPCA+6.9% 15/Jan/34,82,bond,1284388,13955007.91,0.0725888990412881,,BRRISPDBS020,AGUAS DO RIO 1 SPE S.A
11,Fund A,2026-01-30,private_bonds,6613,RISP12 AGUAS DO RIO 1 SPE S.A IPCA+6.9% 15/Jan/34,82,bond,45520,494579.49,0.0025726234474001894,,BRRISPDBS020,AGUAS DO RIO 1 SPE S.A
11,Fund A,2026-01-30,private_bonds,6598,CGEE13 COMPANHIA ESTADUAL DE GERACAO DE ENERGIA ELETRICA - CEEE-G IPCA+8.7219% 14/Dez/41,78,bond,9985,9754602.34,0.050739909901793064,,BRCGEEDBS038,COMPANHIA ESTADUAL DE GERACAO DE ENERGIA ELETRICA - CEEE-G
11,Fund A,2026-01-30,private_bonds,6606,CGEE13 COMPANHIA ESTADUAL DE GERACAO DE ENERGIA ELETRICA - CEEE-G IPCA+8.7219% 14/Dez/41,78,bond,204,199292.83,0.0010366491357001286,,BRCGEEDBS038,COMPANHIA ESTADUAL DE GERACAO DE ENERGIA ELETRICA - CEEE-G
11,Fund A,2026-01-30,private_bonds,6607,CGEE13 COMPANHIA ESTADUAL DE GERACAO DE ENERGIA ELETRICA - CEEE-G IPCA+8.7219% 14/Dez/41,78,bond,400,390770.25,0.0020326453641178995,,BRCGEEDBS038,COMPANHIA ESTADUAL DE GERACAO DE ENERGIA ELETRICA - CEEE-G
11,Fund A,2026-01-30,private_bonds,6603,TEPA13 BRASIL TECNOLOGIA E PARTICIPACAO S.A. IPCA+11.5593% 15/Mar/32,83,bond,5508,6102062.21,0.03174071847221764,,BRTEPADBS031,BRASIL TECNOLOGIA E PARTICIPACAO S.A.
11,Fund A,2026-01-30,private_bonds,6605,PSAN23 PARSAN S.A. CDI+2.7% 18/Mar/30,120,bond,392,423907.38,0.0022050127494037466,,BRPSANDBS026,PARSAN S.A.
11,Fund A,2026-01-30,private_bonds,6611,PSAN23 PARSAN S.A. CDI+2.7% 18/Mar/30,120,bond,1000,1081396.39,0.005625032523989149,,BRPSANDBS026,PARSAN S.A.
11,Fund A,2026-01-30,private_bonds,6614,PSAN23 PARSAN S.A. CDI+2.7% 18/Mar/30,120,bond,1000,1081396.39,0.005625032523989149,,BRPSANDBS026,PARSAN S.A.
11,Fund A,2026-01-30,private_bonds,6615,PSAN23 PARSAN S.A. CDI+2.7% 18/Mar/30,120,bond,934,1010024.23,0.005253780377405866,,BRPSANDBS026,PARSAN S.A.
11,Fund A,2026-01-30,private_bonds,6616,PSAN23 PARSAN S.A. CDI+2.7% 18/Mar/30,120,bond,930,1005698.64,0.005231280247309909,,BRPSANDBS026,PARSAN S.A.
11,Fund A,2026-01-30,private_bonds,6609,RDORD9 REDE DOR SAO LUIZ S/A CDI+2.25% 25/Jul/31,123,bond,3650,3768160.04,0.019600604331823618,,BRRDORDBS0K9,REDE DOR SAO LUIZ S/A
11,Fund A,2026-01-30,private_bonds,6610,CMGD19 CEMIG DISTRIBUICAO S/A CDI+2.05% 15/Mai/26,124,bond,3925,2030631.37,0.010562609222508398,,BRCMGDDBS0C8,CEMIG DISTRIBUICAO S/A
11,Fund A,2026-01-30,cash,2636,BRL,,,,0,0,,,
11,Fund A,2026-01-30,provisions,62064,ajuste de futuro,,,,75977.98,0.0003952099457322926,,,
11,Fund A,2026-01-30,provisions,85751,taxa CVM,,,,5293.4,0.000027534350435998925,,,
11,Fund A,2026-01-30,provisions,85534,liquidação de compromissada (volta),,,,0,0,,,
11,Fund A,2026-01-30,provisions,85754,liquidação de compromissada (ida),,,,0,0,,,
11,Fund A,2026-01-30,provisions,115377,ajuste de PL,,,,0,0,,,
11,Fund A,2026-01-30,provisions,112951,liquidação de compra/venda de ativos na BM&F,,,,-13.91,-7.235478417741812e-8,,,
11,Fund A,2026-01-30,provisions,85753,taxa SELIC,,,,-158.53,-8.246156675518399e-7,,,
11,Fund A,2026-01-30,provisions,62061,despesa de auditoria,,,,-1638.72,-0.000008524028175932323,,,
11,Fund A,2026-01-30,provisions,85752,taxa CETIP,,,,-3749.04,-0.000019501148819015645,,,
11,Fund A,2026-01-30,provisions,85584,taxa de custódia,,,,-7925.855563,-0.00004122743124962284,,,
11,Fund A,2026-01-30,provisions,62062,taxa de administração,,,,-11095.151164,-0.000057712959589291835,,,
11,Fund A,2026-03-01,futures,13233,Futuro de DI1 2030-01-02,89,future,-21,0,-0.006937223305540088,,,
11,Fund A,2026-03-01,futures,13228,Futuro de DI1 2029-01-02,99,future,-21,0,-0.007860667661120977,,,
11,Fund A,2026-03-01,futures,13238,Futuro de DI1 2028-01-03,98,future,-22,0,-0.009263699319114641,,,
11,Fund A,2026-03-01,futures,13226,Futuro de DI1 2027-01-04,97,future,-24,0,-0.011319353264429934,,,
11,Fund A,2026-03-01,futures,13234,Futuro de DI1 2032-01-02,101,future,-83,0,-0.021185571243988892,,,
11,Fund A,2026-03-01,futures,13237,Futuro de DI1 2031-01-02,100,future,-94,0,-0.02731709681136766,,,
11,Fund A,2026-03-01,futures,13227,Futuro de DAP 2026-08-17,95,future,-55,0,-0.051283699900248995,,,
11,Fund A,2026-03-01,futures,13232,Futuro de DAP 2028-08-15,96,future,-88,0,-0.07145447286728873,,,
11,Fund A,2026-03-01,futures,13229,Futuro de DAP 2029-05-15,85,future,-100,0,-0.07731066249318935,,,
11,Fund A,2026-03-01,futures,13235,Futuro de DAP 2027-05-17,93,future,-97,0,-0.08587039179647729,,,
11,Fund A,2026-03-01,futures,13230,Futuro de DAP 2033-05-16,94,future,-164,0,-0.09575673704602185,,,
11,Fund A,2026-03-01,futures,13231,Futuro de DAP 2030-08-15,87,future,-166,0,-0.11734974931777047,,,
11,Fund A,2026-03-01,futures,13225,Futuro de DAP 2032-08-16,88,future,-239,0,-0.14705192841109102,,,
11,Fund A,2026-03-01,futures,13236,Futuro de DAP 2035-05-15,86,future,-482,0,-0.24715847210025288,,,
11,Fund A,2026-03-01,bonds,13201,210100 vencimento 01/03/2028,71,bond,639,11799646.33,0.061778593471130065,,BRSTNCLF1RI1,Tesouro Nacional
11,Fund A,2026-03-01,bonds,13382,OVER @ LFT 01/03/2029,136,overnight,0,0,0,,,Tesouro Nacional
11,Fund A,2026-03-01,bonds,13660,OVER @ LTN 01/10/2027,73,overnight,3307,2717321.6,0.014226893057410544,,,Tesouro Nacional
11,Fund A,2026-03-01,private_bonds,13202,ARTRA7 ARTERIS S.A. IPCA+7.7% 15/Mai/35,75,bond,14803,15392386.6,0.08058885557805553,,BRARTRDBS0C4,ARTERIS S.A.
11,Fund A,2026-03-01,private_bonds,13203,ARTRA8 ARTERIS S.A. IPCA+8.2857% 15/Out/32,76,bond,20000,21219086.78,0.11109530736492172,,BRARTRDBS0E0,ARTERIS S.A.
11,Fund A,2026-03-01,private_bonds,13207,MTXS11 MTX SE-CAMANDUCAIA SPE S.A. IPCA+12.4111% 15/Set/39,80,bond,30000,32302891.2,0.16912601677194447,,BRMTXSDBS006,MTX SE-CAMANDUCAIA SPE S.A.
11,Fund A,2026-03-01,private_bonds,13208,RALM21 RIALMA TRANSMISSORA DE ENERGIA V S/A IPCA+7.8293% 15/Dez/48,81,bond,15640,17512371.66,0.09168831497463156,,BRRALMDBS011,RIALMA TRANSMISSORA DE ENERGIA V S/A
11,Fund A,2026-03-01,private_bonds,13206,MGPRA0 CONCESSAO METROVIARIA DO RIO DE JANEIRO S/A IPCA+7.8868% 15/Mar/42,79,bond,15000,15883852.64,0.08316199037781807,,BRMGPRDBS076,CONCESSAO METROVIARIA DO RIO DE JANEIRO S/A
11,Fund A,2026-03-01,private_bonds,13219,MGPRA0 CONCESSAO METROVIARIA DO RIO DE JANEIRO S/A IPCA+7.8868% 15/Mar/42,79,bond,1000,1058923.51,0.005544132691854538,,BRMGPRDBS076,CONCESSAO METROVIARIA DO RIO DE JANEIRO S/A
11,Fund A,2026-03-01,private_bonds,13204,BTEL13 V.TAL - REDE NEUTRA DE TELECOMUNICACOES S.A. PRÉ+15.05% 15/Abr/32,77,bond,15180,16495374.7,0.0863636942430605,,BRBTELDBS020,V.TAL - REDE NEUTRA DE TELECOMUNICACOES S.A.
11,Fund A,2026-03-01,private_bonds,13211,VRDN12 VIARONDON CONCESSIONARIA DE RODOVIA S/A IPCA+5.55% 15/Dez/34,84,bond,12321,14796361.2,0.07746828656662266,,BRVRDNDBS012,VIARONDON CONCESSIONARIA DE RODOVIA S/A
11,Fund A,2026-03-01,private_bonds,13215,VRDN12 VIARONDON CONCESSIONARIA DE RODOVIA S/A IPCA+5.55% 15/Dez/34,84,bond,46,55241.67,0.0002892249965152701,,BRVRDNDBS012,VIARONDON CONCESSIONARIA DE RODOVIA S/A
11,Fund A,2026-03-01,private_bonds,13209,RISP12 AGUAS DO RIO 1 SPE S.A IPCA+6.9% 15/Jan/34,82,bond,1284388,14028280.96,0.07344690191154865,,BRRISPDBS020,AGUAS DO RIO 1 SPE S.A
11,Fund A,2026-03-01,private_bonds,13220,RISP12 AGUAS DO RIO 1 SPE S.A IPCA+6.9% 15/Jan/34,82,bond,45520,497176.36,0.0026030319303930703,,BRRISPDBS020,AGUAS DO RIO 1 SPE S.A
11,Fund A,2026-03-01,private_bonds,13205,CGEE13 COMPANHIA ESTADUAL DE GERACAO DE ENERGIA ELETRICA - CEEE-G IPCA+8.7219% 14/Dez/41,78,bond,9985,9717313.02,0.050876264766622534,,BRCGEEDBS038,COMPANHIA ESTADUAL DE GERACAO DE ENERGIA ELETRICA - CEEE-G
11,Fund A,2026-03-01,private_bonds,13213,CGEE13 COMPANHIA ESTADUAL DE GERACAO DE ENERGIA ELETRICA - CEEE-G IPCA+8.7219% 14/Dez/41,78,bond,204,198530.98,0.0010394349536696041,,BRCGEEDBS038,COMPANHIA ESTADUAL DE GERACAO DE ENERGIA ELETRICA - CEEE-G
11,Fund A,2026-03-01,private_bonds,13214,CGEE13 COMPANHIA ESTADUAL DE GERACAO DE ENERGIA ELETRICA - CEEE-G IPCA+8.7219% 14/Dez/41,78,bond,400,389276.44,0.0020381077522933413,,BRCGEEDBS038,COMPANHIA ESTADUAL DE GERACAO DE ENERGIA ELETRICA - CEEE-G
11,Fund A,2026-03-01,private_bonds,13210,TEPA13 BRASIL TECNOLOGIA E PARTICIPACAO S.A. IPCA+11.5593% 15/Mar/32,83,bond,5508,5924504.89,0.031018521112833958,,BRTEPADBS031,BRASIL TECNOLOGIA E PARTICIPACAO S.A.
11,Fund A,2026-03-01,private_bonds,13212,PSAN23 PARSAN S.A. CDI+2.7% 18/Mar/30,120,bond,392,428161.3,0.002241694551042398,,BRPSANDBS026,PARSAN S.A.
11,Fund A,2026-03-01,private_bonds,13218,PSAN23 PARSAN S.A. CDI+2.7% 18/Mar/30,120,bond,1000,1092248.21,0.005718608548577546,,BRPSANDBS026,PARSAN S.A.
11,Fund A,2026-03-01,private_bonds,13221,PSAN23 PARSAN S.A. CDI+2.7% 18/Mar/30,120,bond,1000,1092248.21,0.005718608548577546,,BRPSANDBS026,PARSAN S.A.
11,Fund A,2026-03-01,private_bonds,13222,PSAN23 PARSAN S.A. CDI+2.7% 18/Mar/30,120,bond,934,1020159.83,0.005341180384371428,,BRPSANDBS026,PARSAN S.A.
11,Fund A,2026-03-01,private_bonds,13223,PSAN23 PARSAN S.A. CDI+2.7% 18/Mar/30,120,bond,930,1015790.84,0.005318305950177118,,BRPSANDBS026,PARSAN S.A.
11,Fund A,2026-03-01,private_bonds,13224,PSAN23 PARSAN S.A. CDI+2.7% 18/Mar/30,120,bond,1010,1103170.7,0.005775794634063322,,BRPSANDBS026,PARSAN S.A.
11,Fund A,2026-03-01,private_bonds,13216,RDORD9 REDE DOR SAO LUIZ S/A CDI+2.25% 25/Jul/31,123,bond,3650,3798276.33,0.019886373069941322,,BRRDORDBS0K9,REDE DOR SAO LUIZ S/A
11,Fund A,2026-03-01,private_bonds,13217,CMGD19 CEMIG DISTRIBUICAO S/A CDI+2.05% 15/Mai/26,124,bond,1900,993832.34,0.005203339376767857,,BRCMGDDBS0C8,CEMIG DISTRIBUICAO S/A
11,Fund A,2026-03-01,cash,4037,BRL,,,,0,0,,,
11,Fund A,2026-03-01,provisions,139180,ajuste de futuro,,,,483522.02,0.002531542850384998,,,
11,Fund A,2026-03-01,provisions,140422,taxa CVM,,,,3797.24,0.000019880947248681518,,,
11,Fund A,2026-03-01,provisions,142024,ajuste de PL,,,,0.01,5.235630944760278e-11,,,
11,Fund A,2026-03-01,provisions,139190,outros/não categorizado,,,,0,0,,,
11,Fund A,2026-03-01,provisions,139383,liquidação de compromissada (volta),,,,0,0,,,
11,Fund A,2026-03-01,provisions,140423,liquidação de compromissada (ida),,,,0,0,,,
11,Fund A,2026-03-01,provisions,142091,ajuste de saldo em conta,,,,0,0,,,
11,Fund A,2026-03-01,provisions,142071,liquidação de compra/venda de ativos na BM&F,,,,-12.47,-6.528831788116067e-8,,,
11,Fund A,2026-03-01,provisions,142042,taxa SELIC,,,,-180.06,-9.427277079135356e-7,,,
11,Fund A,2026-03-01,provisions,139172,despesa de auditoria,,,,-1767.53,-0.000009254134763792134,,,
11,Fund A,2026-03-01,provisions,142041,taxa CETIP,,,,-2526.44,-0.000013227507444080156,,,
11,Fund A,2026-03-01,provisions,139176,taxa de custódia,,,,-6797.680042,-0.000035590143980474546,,,
11,Fund A,2026-03-01,provisions,139177,taxa de administração,,,,-9515.874669,-0.00004982160788347687,,,
11,Fund A,2026-03-31,futures,21545,Futuro de DI1 2030-01-02,89,future,-21,0,-0.006886970187633684,,,
11,Fund A,2026-03-31,futures,21540,Futuro de DI1 2029-01-02,99,future,-21,0,-0.007835816395317977,,,
11,Fund A,2026-03-31,futures,21550,Futuro de DI1 2028-01-03,98,future,-22,0,-0.00930926195342297,,,
11,Fund A,2026-03-31,futures,21538,Futuro de DI1 2027-01-04,97,future,-23,0,-0.01104491421554319,,,
11,Fund A,2026-03-31,futures,21546,Futuro de DI1 2032-01-02,101,future,-82,0,-0.020663275338784353,,,
11,Fund A,2026-03-31,futures,21549,Futuro de DI1 2031-01-02,100,future,-94,0,-0.027031433394370273,,,
11,Fund A,2026-03-31,futures,21539,Futuro de DAP 2026-08-17,95,future,-48,0,-0.04624827023818979,,,
11,Fund A,2026-03-31,futures,21544,Futuro de DAP 2028-08-15,96,future,-79,0,-0.06577763781022763,,,
11,Fund A,2026-03-31,futures,21541,Futuro de DAP 2029-05-15,85,future,-89,0,-0.07019555684299034,,,
11,Fund A,2026-03-31,futures,21547,Futuro de DAP 2027-05-17,93,future,-87,0,-0.07937580784341877,,,
11,Fund A,2026-03-31,futures,21542,Futuro de DAP 2033-05-16,94,future,-141,0,-0.08340460366583614,,,
11,Fund A,2026-03-31,futures,21543,Futuro de DAP 2030-08-15,87,future,-138,0,-0.09929816019477626,,,
11,Fund A,2026-03-31,futures,21537,Futuro de DAP 2032-08-16,88,future,-210,0,-0.13086817460336145,,,
11,Fund A,2026-03-31,futures,21548,Futuro de DAP 2035-05-15,86,future,-493,0,-0.2564385299595967,,,
11,Fund A,2026-03-31,bonds,21513,210100 vencimento 01/03/2028,71,bond,639,11947834.89,0.06332978843279513,,BRSTNCLF1RI1,Tesouro Nacional
11,Fund A,2026-03-31,bonds,21699,OVER @ NTNB 15/05/2029,105,overnight,0,0,0,,,Tesouro Nacional
11,Fund A,2026-03-31,bonds,22018,OVER @ NTNB 15/05/2033,111,overnight,1469,6197691.8,0.03285101560293466,,,Tesouro Nacional
11,Fund A,2026-03-31,private_bonds,21514,ARTRA7 ARTERIS S.A. IPCA+7.7% 15/Mai/35,75,bond,14803,15036987.29,0.07970391559239332,,BRARTRDBS0C4,ARTERIS S.A.
11,Fund A,2026-03-31,private_bonds,21515,ARTRA8 ARTERIS S.A. IPCA+8.2857% 15/Out/32,76,bond,18500,19388610.02,0.10276979733631361,,BRARTRDBS0E0,ARTERIS S.A.
11,Fund A,2026-03-31,private_bonds,21519,MTXS11 MTX SE-CAMANDUCAIA SPE S.A. IPCA+12.4111% 15/Set/39,80,bond,30000,31043341.23,0.16454598260126718,,BRMTXSDBS006,MTX SE-CAMANDUCAIA SPE S.A.
11,Fund A,2026-03-31,private_bonds,21520,RALM21 RIALMA TRANSMISSORA DE ENERGIA V S/A IPCA+7.8293% 15/Dez/48,81,bond,15640,17235591.72,0.09135767166322784,,BRRALMDBS011,RIALMA TRANSMISSORA DE ENERGIA V S/A
11,Fund A,2026-03-31,private_bonds,21518,MGPRA0 CONCESSAO METROVIARIA DO RIO DE JANEIRO S/A IPCA+7.8868% 15/Mar/42,79,bond,15000,15232074.44,0.0807379797294686,,BRMGPRDBS076,CONCESSAO METROVIARIA DO RIO DE JANEIRO S/A
11,Fund A,2026-03-31,private_bonds,21530,MGPRA0 CONCESSAO METROVIARIA DO RIO DE JANEIRO S/A IPCA+7.8868% 15/Mar/42,79,bond,1000,1015471.63,0.005382531981964573,,BRMGPRDBS076,CONCESSAO METROVIARIA DO RIO DE JANEIRO S/A
11,Fund A,2026-03-31,private_bonds,21516,BTEL13 V.TAL - REDE NEUTRA DE TELECOMUNICACOES S.A. PRÉ+15.05% 15/Abr/32,77,bond,15180,16152532.45,0.0856168897225193,,BRBTELDBS020,V.TAL - REDE NEUTRA DE TELECOMUNICACOES S.A.
11,Fund A,2026-03-31,private_bonds,21536,EPRL12 EPR LITORAL PIONEIRO S.A. IPCA+8.203% 15/Mar/49,173,bond,13840,14773631.09,0.07830798968348472,,BREPRLDBS065,EPR LITORAL PIONEIRO S.A.
11,Fund A,2026-03-31,private_bonds,21523,VRDN12 VIARONDON CONCESSIONARIA DE RODOVIA S/A IPCA+5.55% 15/Dez/34,84,bond,9811,11848638.52,0.06280399563252492,,BRVRDNDBS012,VIARONDON CONCESSIONARIA DE RODOVIA S/A
11,Fund A,2026-03-31,private_bonds,21527,VRDN12 VIARONDON CONCESSIONARIA DE RODOVIA S/A IPCA+5.55% 15/Dez/34,84,bond,46,55553.7,0.000294463744684145,,BRVRDNDBS012,VIARONDON CONCESSIONARIA DE RODOVIA S/A
11,Fund A,2026-03-31,private_bonds,21517,CGEE13 COMPANHIA ESTADUAL DE GERACAO DE ENERGIA ELETRICA - CEEE-G IPCA+8.7219% 14/Dez/41,78,bond,9985,9816371.57,0.05203191544458396,,BRCGEEDBS038,COMPANHIA ESTADUAL DE GERACAO DE ENERGIA ELETRICA - CEEE-G
11,Fund A,2026-03-31,private_bonds,21525,CGEE13 COMPANHIA ESTADUAL DE GERACAO DE ENERGIA ELETRICA - CEEE-G IPCA+8.7219% 14/Dez/41,78,bond,204,200554.81,0.001063045643534815,,BRCGEEDBS038,COMPANHIA ESTADUAL DE GERACAO DE ENERGIA ELETRICA - CEEE-G
11,Fund A,2026-03-31,private_bonds,21526,CGEE13 COMPANHIA ESTADUAL DE GERACAO DE ENERGIA ELETRICA - CEEE-G IPCA+8.7219% 14/Dez/41,78,bond,400,393244.73,0.0020844032226172843,,BRCGEEDBS038,COMPANHIA ESTADUAL DE GERACAO DE ENERGIA ELETRICA - CEEE-G
11,Fund A,2026-03-31,private_bonds,21522,TEPA13 BRASIL TECNOLOGIA E PARTICIPACAO S.A. IPCA+11.5593% 15/Mar/32,83,bond,5508,5615379.17,0.02976445339591677,,BRTEPADBS031,BRASIL TECNOLOGIA E PARTICIPACAO S.A.
11,Fund A,2026-03-31,private_bonds,21524,PSAN23 PARSAN S.A. CDI+2.7% 18/Mar/30,120,bond,392,400611.84,0.0021234527748137974,,BRPSANDBS026,PARSAN S.A.
11,Fund A,2026-03-31,private_bonds,21529,PSAN23 PARSAN S.A. CDI+2.7% 18/Mar/30,120,bond,1000,1021968.98,0.0054169713643209124,,BRPSANDBS026,PARSAN S.A.
11,Fund A,2026-03-31,private_bonds,21532,PSAN23 PARSAN S.A. CDI+2.7% 18/Mar/30,120,bond,1000,1021968.98,0.0054169713643209124,,BRPSANDBS026,PARSAN S.A.
11,Fund A,2026-03-31,private_bonds,21533,PSAN23 PARSAN S.A. CDI+2.7% 18/Mar/30,120,bond,934,954519.03,0.005059451254275732,,BRPSANDBS026,PARSAN S.A.
11,Fund A,2026-03-31,private_bonds,21534,PSAN23 PARSAN S.A. CDI+2.7% 18/Mar/30,120,bond,930,950431.15,0.0050377833688184485,,BRPSANDBS026,PARSAN S.A.
11,Fund A,2026-03-31,private_bonds,21535,PSAN23 PARSAN S.A. CDI+2.7% 18/Mar/30,120,bond,1010,1032188.67,0.005471141077964121,,BRPSANDBS026,PARSAN S.A.
11,Fund A,2026-03-31,private_bonds,21521,RISP12 AGUAS DO RIO 1 SPE S.A IPCA+6.9% 15/Jan/34,82,bond,407863,4375750.04,0.023193769134745076,,BRRISPDBS020,AGUAS DO RIO 1 SPE S.A
11,Fund A,2026-03-31,private_bonds,21531,RISP12 AGUAS DO RIO 1 SPE S.A IPCA+6.9% 15/Jan/34,82,bond,45520,488360.41,0.002588566187699291,,BRRISPDBS020,AGUAS DO RIO 1 SPE S.A
11,Fund A,2026-03-31,private_bonds,21528,RDORD9 REDE DOR SAO LUIZ S/A CDI+2.25% 25/Jul/31,123,bond,3650,3837051.52,0.020338384567025223,,BRRDORDBS0K9,REDE DOR SAO LUIZ S/A
11,Fund A,2026-03-31,cash,6425,BRL,,,,0,0,,,
11,Fund A,2026-03-31,provisions,204228,taxa CVM,,,,1999.87,0.000010600359406763387,,,
11,Fund A,2026-03-31,provisions,204235,liquidação de compra/venda de ativos na BM&F,,,,7.27,3.853481120631332e-8,,,
11,Fund A,2026-03-31,provisions,204693,liquidação de compromissada (volta),,,,0,0,,,
11,Fund A,2026-03-31,provisions,205613,liquidação de compromissada (ida),,,,0,0,,,
11,Fund A,2026-03-31,provisions,207356,ajuste de saldo em conta,,,,0,0,,,
11,Fund A,2026-03-31,provisions,207357,ajuste de PL,,,,-0.02,-1.0601048474914257e-10,,,
11,Fund A,2026-03-31,provisions,204268,outros/não categorizado,,,,-16.65,-8.825372855366119e-8,,,
11,Fund A,2026-03-31,provisions,205611,taxa SELIC,,,,-161.18,-8.543384965933399e-7,,,
11,Fund A,2026-03-31,provisions,204231,despesa de auditoria,,,,-1361.84,-0.000007218465927538616,,,
11,Fund A,2026-03-31,provisions,205610,taxa CETIP,,,,-2480.82,-0.000013149646538768394,,,
11,Fund A,2026-03-31,provisions,204233,taxa de custódia,,,,-8256.495409,-0.000043763754031858004,,,
11,Fund A,2026-03-31,provisions,204234,taxa de administração,,,,-11563.31687,-0.0000612916413348319,,,
11,Fund A,2026-03-31,provisions,204310,ajuste de futuro,,,,-1353942.14,-0.007176603129184573,,,
11,Fund A,2026-04-30,futures,28766,Futuro de DI1 2030-01-02,89,future,-21,0,-0.007115521485550684,,,
11,Fund A,2026-04-30,futures,28761,Futuro de DI1 2029-01-02,99,future,-21,0,-0.008078448545925522,,,
11,Fund A,2026-04-30,futures,28771,Futuro de DI1 2028-01-03,98,future,-22,0,-0.009582599251220137,,,
11,Fund A,2026-04-30,futures,28759,Futuro de DI1 2027-01-04,97,future,-23,0,-0.011370358892183862,,,
11,Fund A,2026-04-30,futures,28767,Futuro de DI1 2032-01-02,101,future,-82,0,-0.021473162754469387,,,
11,Fund A,2026-04-30,futures,28770,Futuro de DI1 2031-01-02,100,future,-94,0,-0.02802521979073688,,,
11,Fund A,2026-04-30,futures,28760,Futuro de DAP 2026-08-17,95,future,-49,0,-0.04881010023136171,,,
11,Fund A,2026-04-30,futures,28765,Futuro de DAP 2028-08-15,96,future,-78,0,-0.06703630920372362,,,
11,Fund A,2026-04-30,futures,28762,Futuro de DAP 2029-05-15,85,future,-88,0,-0.07174153258744415,,,
11,Fund A,2026-04-30,futures,28763,Futuro de DAP 2033-05-16,94,future,-135,0,-0.08263433071118742,,,
11,Fund A,2026-04-30,futures,28768,Futuro de DAP 2027-05-17,93,future,-88,0,-0.08287613629067674,,,
11,Fund A,2026-04-30,futures,28764,Futuro de DAP 2030-08-15,87,future,-135,0,-0.10023359246880545,,,
11,Fund A,2026-04-30,futures,28758,Futuro de DAP 2032-08-16,88,future,-202,0,-0.13017790666230683,,,
11,Fund A,2026-04-30,futures,28769,Futuro de DAP 2035-05-15,86,future,-480,0,-0.25785916047627083,,,
11,Fund A,2026-04-30,bonds,28734,210100 vencimento 01/03/2028,71,bond,639,12077440.84,0.06524522923082429,,BRSTNCLF1RI1,Tesouro Nacional
11,Fund A,2026-04-30,bonds,28921,OVER @ NTNB 15/08/2028,92,overnight,0,0,0,,,Tesouro Nacional
11,Fund A,2026-04-30,bonds,29344,OVER @ LFT 01/03/2027,148,overnight,249,4691147.35,0.025342702006290043,,,Tesouro Nacional
11,Fund A,2026-04-30,private_bonds,28735,ARTRA7 ARTERIS S.A. IPCA+7.7% 15/Mai/35,75,bond,14803,14839406.74,0.08016603077594685,,BRARTRDBS0C4,ARTERIS S.A.
11,Fund A,2026-04-30,private_bonds,28736,ARTRA8 ARTERIS S.A. IPCA+8.2857% 15/Out/32,76,bond,18500,18533930.48,0.10012473327183409,,BRARTRDBS0E0,ARTERIS S.A.
11,Fund A,2026-04-30,private_bonds,28740,MTXS11 MTX SE-CAMANDUCAIA SPE S.A. IPCA+12.4111% 15/Set/39,80,bond,30000,31630607.58,0.17087612099285016,,BRMTXSDBS006,MTX SE-CAMANDUCAIA SPE S.A.
11,Fund A,2026-04-30,private_bonds,28741,RALM21 RIALMA TRANSMISSORA DE ENERGIA V S/A IPCA+7.8293% 15/Dez/48,81,bond,15640,17185614.46,0.0928408070718168,,BRRALMDBS011,RIALMA TRANSMISSORA DE ENERGIA V S/A
11,Fund A,2026-04-30,private_bonds,28739,MGPRA0 CONCESSAO METROVIARIA DO RIO DE JANEIRO S/A IPCA+7.8868% 15/Mar/42,79,bond,15000,14938238.1,0.08069994148988788,,BRMGPRDBS076,CONCESSAO METROVIARIA DO RIO DE JANEIRO S/A
11,Fund A,2026-04-30,private_bonds,28751,MGPRA0 CONCESSAO METROVIARIA DO RIO DE JANEIRO S/A IPCA+7.8868% 15/Mar/42,79,bond,1000,995882.54,0.005379996099325859,,BRMGPRDBS076,CONCESSAO METROVIARIA DO RIO DE JANEIRO S/A
11,Fund A,2026-04-30,private_bonds,28737,BTEL13 V.TAL - REDE NEUTRA DE TELECOMUNICACOES S.A. PRÉ+15.05% 15/Abr/32,77,bond,15180,15200199.12,0.08211511766111732,,BRBTELDBS020,V.TAL - REDE NEUTRA DE TELECOMUNICACOES S.A.
11,Fund A,2026-04-30,private_bonds,28757,EPRL12 EPR LITORAL PIONEIRO S.A. IPCA+8.203% 15/Mar/49,173,bond,13840,14453649.56,0.07808207808403803,,BREPRLDBS065,EPR LITORAL PIONEIRO S.A.
11,Fund A,2026-04-30,private_bonds,28744,VRDN12 VIARONDON CONCESSIONARIA DE RODOVIA S/A IPCA+5.55% 15/Dez/34,84,bond,9811,11983719.84,0.06473892591443815,,BRVRDNDBS012,VIARONDON CONCESSIONARIA DE RODOVIA S/A
11,Fund A,2026-04-30,private_bonds,28748,VRDN12 VIARONDON CONCESSIONARIA DE RODOVIA S/A IPCA+5.55% 15/Dez/34,84,bond,46,56187.05,0.0003035358874797834,,BRVRDNDBS012,VIARONDON CONCESSIONARIA DE RODOVIA S/A
11,Fund A,2026-04-30,private_bonds,28738,CGEE13 COMPANHIA ESTADUAL DE GERACAO DE ENERGIA ELETRICA - CEEE-G IPCA+8.7219% 14/Dez/41,78,bond,9985,9108371.33,0.0492056043255089,,BRCGEEDBS038,COMPANHIA ESTADUAL DE GERACAO DE ENERGIA ELETRICA - CEEE-G
11,Fund A,2026-04-30,private_bonds,28746,CGEE13 COMPANHIA ESTADUAL DE GERACAO DE ENERGIA ELETRICA - CEEE-G IPCA+8.7219% 14/Dez/41,78,bond,204,186089.91,0.001005302281662876,,BRCGEEDBS038,COMPANHIA ESTADUAL DE GERACAO DE ENERGIA ELETRICA - CEEE-G
11,Fund A,2026-04-30,private_bonds,28747,CGEE13 COMPANHIA ESTADUAL DE GERACAO DE ENERGIA ELETRICA - CEEE-G IPCA+8.7219% 14/Dez/41,78,bond,400,364882.18,0.0019711809444370116,,BRCGEEDBS038,COMPANHIA ESTADUAL DE GERACAO DE ENERGIA ELETRICA - CEEE-G
11,Fund A,2026-04-30,private_bonds,28743,TEPA13 BRASIL TECNOLOGIA E PARTICIPACAO S.A. IPCA+11.5593% 15/Mar/32,83,bond,5508,5738003.56,0.030998070082854844,,BRTEPADBS031,BRASIL TECNOLOGIA E PARTICIPACAO S.A.
11,Fund A,2026-04-30,private_bonds,28745,PSAN23 PARSAN S.A. CDI+2.7% 18/Mar/30,120,bond,392,406046.54,0.002193560678174734,,BRPSANDBS026,PARSAN S.A.
11,Fund A,2026-04-30,private_bonds,28750,PSAN23 PARSAN S.A. CDI+2.7% 18/Mar/30,120,bond,1000,1035833,0.0055958180565682,,BRPSANDBS026,PARSAN S.A.
11,Fund A,2026-04-30,private_bonds,28753,PSAN23 PARSAN S.A. CDI+2.7% 18/Mar/30,120,bond,1000,1035833,0.0055958180565682,,BRPSANDBS026,PARSAN S.A.
11,Fund A,2026-04-30,private_bonds,28754,PSAN23 PARSAN S.A. CDI+2.7% 18/Mar/30,120,bond,934,967468.02,0.005226494064834698,,BRPSANDBS026,PARSAN S.A.
11,Fund A,2026-04-30,private_bonds,28755,PSAN23 PARSAN S.A. CDI+2.7% 18/Mar/30,120,bond,930,963324.69,0.005204110792608426,,BRPSANDBS026,PARSAN S.A.
11,Fund A,2026-04-30,private_bonds,28756,PSAN23 PARSAN S.A. CDI+2.7% 18/Mar/30,120,bond,1010,1046191.33,0.005651776237133882,,BRPSANDBS026,PARSAN S.A.
11,Fund A,2026-04-30,private_bonds,28742,RISP12 AGUAS DO RIO 1 SPE S.A IPCA+6.9% 15/Jan/34,82,bond,407863,3793888.6,0.02049549527173619,,BRRISPDBS020,AGUAS DO RIO 1 SPE S.A
11,Fund A,2026-04-30,private_bonds,28752,RISP12 AGUAS DO RIO 1 SPE S.A IPCA+6.9% 15/Jan/34,82,bond,45520,423421.12,0.0022874223569419915,,BRRISPDBS020,AGUAS DO RIO 1 SPE S.A
11,Fund A,2026-04-30,private_bonds,28749,RDORD9 REDE DOR SAO LUIZ S/A CDI+2.25% 25/Jul/31,123,bond,3650,3884585.73,0.02098546285889389,,BRRDORDBS0K9,REDE DOR SAO LUIZ S/A
11,Fund A,2026-04-30,cash,8549,BRL,,,,0,0,,,
11,Fund A,2026-04-30,provisions,259268,despesa de auditoria,,,,12585.261185,0.0000679885964104734,,,
11,Fund A,2026-04-30,provisions,259276,taxa ANBIMA/ANBID,,,,1259.6275,0.000006804809567806644,,,
11,Fund A,2026-04-30,provisions,259181,taxa CVM,,,,399.97,0.000002160733774735486,,,
11,Fund A,2026-04-30,provisions,259707,liquidação de compromissada (volta),,,,0,0,,,
11,Fund A,2026-04-30,provisions,261121,liquidação de compromissada (ida),,,,0,0,,,
11,Fund A,2026-04-30,provisions,261355,outros/não categorizado,,,,0,0,,,
11,Fund A,2026-04-30,provisions,261327,liquidação de compra/venda de ativos na BM&F,,,,-13.82,-7.465895133846142e-8,,,
11,Fund A,2026-04-30,provisions,261118,taxa SELIC,,,,-123.77,-6.686351958872193e-7,,,
11,Fund A,2026-04-30,provisions,261119,taxa CETIP,,,,-1849.75,-0.000009992792708995588,,,
11,Fund A,2026-04-30,provisions,259183,taxa de custódia,,,,-7396.986845,-0.000039960295290310735,,,
11,Fund A,2026-04-30,provisions,259184,taxa de administração,,,,-10354.804664,-0.000055939135855922535,,,
11,Fund A,2026-04-30,provisions,259282,ajuste de futuro,,,,-426055.38,-0.002301653247677981,,,
11,Fund A,2026-05-30,futures,35237,Futuro de DI1 2030-01-02,89,future,-21,0,-0.007127887180005623,,,
11,Fund A,2026-05-30,futures,35232,Futuro de DI1 2029-01-02,99,future,-21,0,-0.008109110181098488,,,
11,Fund A,2026-05-30,futures,35242,Futuro de DI1 2028-01-03,98,future,-22,0,-0.009644970701606782,,,
11,Fund A,2026-05-30,futures,35230,Futuro de DI1 2027-01-04,97,future,-23,0,-0.011466269706917963,,,
11,Fund A,2026-05-30,futures,35238,Futuro de DI1 2032-01-02,101,future,-82,0,-0.021394163009462754,,,
11,Fund A,2026-05-30,futures,35241,Futuro de DI1 2031-01-02,100,future,-94,0,-0.028003774017440593,,,
11,Fund A,2026-05-30,futures,35231,Futuro de DAP 2026-08-17,95,future,-51,0,-0.05123834453630717,,,
11,Fund A,2026-05-30,futures,35236,Futuro de DAP 2028-08-15,96,future,-76,0,-0.0657378811190456,,,
11,Fund A,2026-05-30,futures,35233,Futuro de DAP 2029-05-15,85,future,-86,0,-0.07052366148138675,,,
11,Fund A,2026-05-30,futures,35234,Futuro de DAP 2033-05-16,94,future,-130,0,-0.07959391354174439,,,
11,Fund A,2026-05-30,futures,35239,Futuro de DAP 2027-05-17,93,future,-87,0,-0.08279241722004506,,,
11,Fund A,2026-05-30,futures,35235,Futuro de DAP 2030-08-15,87,future,-131,0,-0.0975944597588606,,,
11,Fund A,2026-05-30,futures,35229,Futuro de DAP 2032-08-16,88,future,-196,0,-0.12625298236191745,,,
11,Fund A,2026-05-30,futures,35240,Futuro de DAP 2035-05-15,86,future,-453,0,-0.24235289701286425,,,
11,Fund A,2026-05-30,bonds,35205,210100 vencimento 01/03/2028,71,bond,639,12207133.21,0.0657878231211886,,BRSTNCLF1RI1,Tesouro Nacional
11,Fund A,2026-05-30,bonds,35488,OVER @ LTN 01/04/2027,144,overnight,0,0,0,,,Tesouro Nacional
11,Fund A,2026-05-30,bonds,36024,OVER @ NTNB 15/08/2028,92,overnight,1238,5672841.72,0.03057260876901915,,,Tesouro Nacional
11,Fund A,2026-05-30,private_bonds,35211,MTXS11 MTX SE-CAMANDUCAIA SPE S.A. IPCA+12.4111% 15/Set/39,80,bond,30000,31841175.72,0.17160143999459362,,BRMTXSDBS006,MTX SE-CAMANDUCAIA SPE S.A.
11,Fund A,2026-05-30,private_bonds,35206,ARTRA7 ARTERIS S.A. IPCA+7.7% 15/Mai/35,75,bond,14803,13684547.63,0.07375004299202148,,BRARTRDBS0C4,ARTERIS S.A.
11,Fund A,2026-05-30,private_bonds,35207,ARTRA8 ARTERIS S.A. IPCA+8.2857% 15/Out/32,76,bond,18500,18147470.18,0.09780204231024374,,BRARTRDBS0E0,ARTERIS S.A.
11,Fund A,2026-05-30,private_bonds,35212,RALM21 RIALMA TRANSMISSORA DE ENERGIA V S/A IPCA+7.8293% 15/Dez/48,81,bond,15640,17071365.14,0.09200259644431691,,BRRALMDBS011,RIALMA TRANSMISSORA DE ENERGIA V S/A
11,Fund A,2026-05-30,private_bonds,35210,MGPRA0 CONCESSAO METROVIARIA DO RIO DE JANEIRO S/A IPCA+7.8868% 15/Mar/42,79,bond,15000,15314154.5,0.08253247263074615,,BRMGPRDBS076,CONCESSAO METROVIARIA DO RIO DE JANEIRO S/A
11,Fund A,2026-05-30,private_bonds,35222,MGPRA0 CONCESSAO METROVIARIA DO RIO DE JANEIRO S/A IPCA+7.8868% 15/Mar/42,79,bond,1000,1020943.63,0.005502164842049743,,BRMGPRDBS076,CONCESSAO METROVIARIA DO RIO DE JANEIRO S/A
11,Fund A,2026-05-30,private_bonds,35208,BTEL13 V.TAL - REDE NEUTRA DE TELECOMUNICACOES S.A. PRÉ+15.05% 15/Abr/32,77,bond,15180,15299298.66,0.08245241019609617,,BRBTELDBS020,V.TAL - REDE NEUTRA DE TELECOMUNICACOES S.A.
11,Fund A,2026-05-30,private_bonds,35228,EPRL12 EPR LITORAL PIONEIRO S.A. IPCA+8.203% 15/Mar/49,173,bond,13840,14126181.13,0.07613013552349873,,BREPRLDBS065,EPR LITORAL PIONEIRO S.A.
11,Fund A,2026-05-30,private_bonds,35215,VRDN12 VIARONDON CONCESSIONARIA DE RODOVIA S/A IPCA+5.55% 15/Dez/34,84,bond,9811,11995062.53,0.06464491201791907,,BRVRDNDBS012,VIARONDON CONCESSIONARIA DE RODOVIA S/A
11,Fund A,2026-05-30,private_bonds,35219,VRDN12 VIARONDON CONCESSIONARIA DE RODOVIA S/A IPCA+5.55% 15/Dez/34,84,bond,46,56240.23,0.0003030950925312687,,BRVRDNDBS012,VIARONDON CONCESSIONARIA DE RODOVIA S/A
11,Fund A,2026-05-30,private_bonds,35209,CGEE13 COMPANHIA ESTADUAL DE GERACAO DE ENERGIA ELETRICA - CEEE-G IPCA+8.7219% 14/Dez/41,78,bond,9985,8842568.25,0.04765519522989381,,BRCGEEDBS038,COMPANHIA ESTADUAL DE GERACAO DE ENERGIA ELETRICA - CEEE-G
11,Fund A,2026-05-30,private_bonds,35217,CGEE13 COMPANHIA ESTADUAL DE GERACAO DE ENERGIA ELETRICA - CEEE-G IPCA+8.7219% 14/Dez/41,78,bond,204,180659.38,0.0009736264223233187,,BRCGEEDBS038,COMPANHIA ESTADUAL DE GERACAO DE ENERGIA ELETRICA - CEEE-G
11,Fund A,2026-05-30,private_bonds,35218,CGEE13 COMPANHIA ESTADUAL DE GERACAO DE ENERGIA ELETRICA - CEEE-G IPCA+8.7219% 14/Dez/41,78,bond,400,354234.08,0.0019090714163202327,,BRCGEEDBS038,COMPANHIA ESTADUAL DE GERACAO DE ENERGIA ELETRICA - CEEE-G
11,Fund A,2026-05-30,private_bonds,35214,TEPA13 BRASIL TECNOLOGIA E PARTICIPACAO S.A. IPCA+11.5593% 15/Mar/32,83,bond,5508,5690478.01,0.030667655897500343,,BRTEPADBS031,BRASIL TECNOLOGIA E PARTICIPACAO S.A.
11,Fund A,2026-05-30,private_bonds,35216,PSAN23 PARSAN S.A. CDI+2.7% 18/Mar/30,120,bond,392,408814.22,0.0022032198047268435,,BRPSANDBS026,PARSAN S.A.
11,Fund A,2026-05-30,private_bonds,35221,PSAN23 PARSAN S.A. CDI+2.7% 18/Mar/30,120,bond,1000,1042893.42,0.0056204586855276625,,BRPSANDBS026,PARSAN S.A.
11,Fund A,2026-05-30,private_bonds,35224,PSAN23 PARSAN S.A. CDI+2.7% 18/Mar/30,120,bond,1000,1042893.42,0.0056204586855276625,,BRPSANDBS026,PARSAN S.A.
11,Fund A,2026-05-30,private_bonds,35225,PSAN23 PARSAN S.A. CDI+2.7% 18/Mar/30,120,bond,934,974062.45,0.005249508412282836,,BRPSANDBS026,PARSAN S.A.
11,Fund A,2026-05-30,private_bonds,35226,PSAN23 PARSAN S.A. CDI+2.7% 18/Mar/30,120,bond,930,969890.88,0.005227026577540726,,BRPSANDBS026,PARSAN S.A.
11,Fund A,2026-05-30,private_bonds,35227,PSAN23 PARSAN S.A. CDI+2.7% 18/Mar/30,120,bond,1010,1053322.35,0.005676663272382939,,BRPSANDBS026,PARSAN S.A.
11,Fund A,2026-05-30,private_bonds,35213,RISP12 AGUAS DO RIO 1 SPE S.A IPCA+6.9% 15/Jan/34,82,bond,407863,3883968,0.020931843345417048,,BRRISPDBS020,AGUAS DO RIO 1 SPE S.A
11,Fund A,2026-05-30,private_bonds,35223,RISP12 AGUAS DO RIO 1 SPE S.A IPCA+6.9% 15/Jan/34,82,bond,45520,433474.53,0.0023361214650100253,,BRRISPDBS020,AGUAS DO RIO 1 SPE S.A
11,Fund A,2026-05-30,private_bonds,35220,RDORD9 REDE DOR SAO LUIZ S/A CDI+2.25% 25/Jul/31,123,bond,3650,3934253.06,0.021202844283555178,,BRRDORDBS0K9,REDE DOR SAO LUIZ S/A
11,Fund A,2026-05-30,cash,10984,BRL,,,,0,0,,,
11,Fund A,2026-05-30,provisions,273315,ajuste de futuro,,,,285811.24,0.0015403206458809867,,,
11,Fund A,2026-05-30,provisions,273302,taxa CVM,,,,28422.791235,0.00015317876285353806,,,
11,Fund A,2026-05-30,provisions,273293,despesa de auditoria,,,,11545.389145,0.00006222149018622828,,,
11,Fund A,2026-05-30,provisions,273296,taxa ANBIMA/ANBID,,,,559.8375,0.0000030171285761483593,,,
11,Fund A,2026-05-30,provisions,274185,liquidação de compromissada (volta),,,,0,0,,,
11,Fund A,2026-05-30,provisions,277538,liquidação de compromissada (ida),,,,0,0,,,
11,Fund A,2026-05-30,provisions,274187,ajuste de PL,,,,-0.01,-5.389293457741504e-11,,,
11,Fund A,2026-05-30,provisions,277551,liquidação de compra/venda de ativos na BM&F,,,,-13.4,-7.221653233373616e-8,,,
11,Fund A,2026-05-30,provisions,277535,taxa SELIC,,,,-72.19,-3.8905309471435917e-7,,,
11,Fund A,2026-05-30,provisions,277536,taxa CETIP,,,,-3488.24,-0.000018799149011032223,,,
11,Fund A,2026-05-30,provisions,273290,taxa de custódia,,,,-7338.639279,-0.000039550080655039524,,,
11,Fund A,2026-05-30,provisions,273291,taxa de administração,,,,-10273.136207,-0.00005536494575087247,,,
11,Fund A,2026-06-29,futures,43286,Futuro de DI1 2030-01-02,89,future,-21,0,-0.007028182534769981,,,
11,Fund A,2026-06-29,futures,43281,Futuro de DI1 2029-01-02,99,future,-21,0,-0.008030231622284995,,,
11,Fund A,2026-06-29,futures,43291,Futuro de DI1 2028-01-03,98,future,-22,0,-0.009598355172166884,,,
11,Fund A,2026-06-29,futures,43279,Futuro de DI1 2027-01-04,97,future,-23,0,-0.011447729119837468,,,
11,Fund A,2026-06-29,futures,43287,Futuro de DI1 2032-01-02,101,future,-82,0,-0.02098800717596593,,,
11,Fund A,2026-06-29,futures,43290,Futuro de DI1 2031-01-02,100,future,-94,0,-0.027516449594886392,,,
11,Fund A,2026-06-29,futures,43280,Futuro de DAP 2026-08-17,95,future,-57,0,-0.057189472218047516,,,
11,Fund A,2026-06-29,futures,43285,Futuro de DAP 2028-08-15,96,future,-87,0,-0.07410663028791382,,,
11,Fund A,2026-06-29,futures,43282,Futuro de DAP 2029-05-15,85,future,-97,0,-0.07826619082521635,,,
11,Fund A,2026-06-29,futures,43288,Futuro de DAP 2027-05-17,93,future,-98,0,-0.09246766880602658,,,
11,Fund A,2026-06-29,futures,43283,Futuro de DAP 2033-05-16,94,future,-156,0,-0.09271093727879968,,,
11,Fund A,2026-06-29,futures,43284,Futuro de DAP 2030-08-15,87,future,-138,0,-0.10050943557312207,,,
11,Fund A,2026-06-29,futures,43278,Futuro de DAP 2032-08-16,88,future,-195,0,-0.12206633581348815,,,
11,Fund A,2026-06-29,futures,43289,Futuro de DAP 2035-05-15,86,future,-438,0,-0.22575209405445903,,,
11,Fund A,2026-06-29,bonds,43257,210100 vencimento 01/03/2028,71,bond,638,12317840.31,0.06557404561172145,,BRSTNCLF1RI1,Tesouro Nacional
11,Fund A,2026-06-29,bonds,43453,OVER @ NTNB 15/08/2028,92,overnight,0,0,0,,,Tesouro Nacional
11,Fund A,2026-06-29,bonds,43737,OVER @ LTN 01/10/2026,207,overnight,1482,1428842.71,0.0076064468056424965,,,Tesouro Nacional
11,Fund A,2026-06-29,private_bonds,43258,ARTRA7 ARTERIS S.A. IPCA+7.7% 15/Mai/35,75,bond,14803,13647628.77,0.07265317693579555,,BRARTRDBS0C4,ARTERIS S.A.
11,Fund A,2026-06-29,private_bonds,43259,ARTRA8 ARTERIS S.A. IPCA+8.2857% 15/Out/32,76,bond,18500,17986634.1,0.09575187985251293,,BRARTRDBS0E0,ARTERIS S.A.
11,Fund A,2026-06-29,private_bonds,43263,MTXS11 MTX SE-CAMANDUCAIA SPE S.A. IPCA+12.4111% 15/Set/39,80,bond,30000,31607251.71,0.1682612628378053,,BRMTXSDBS006,MTX SE-CAMANDUCAIA SPE S.A.
11,Fund A,2026-06-29,private_bonds,43264,RALM21 RIALMA TRANSMISSORA DE ENERGIA V S/A IPCA+7.8293% 15/Dez/48,81,bond,15640,16378496.93,0.0871909586659939,,BRRALMDBS011,RIALMA TRANSMISSORA DE ENERGIA V S/A
11,Fund A,2026-06-29,private_bonds,43260,BTEL13 V.TAL - REDE NEUTRA DE TELECOMUNICACOES S.A. PRÉ+15.05% 15/Abr/32,77,bond,15180,15208306.59,0.080961448192355,,BRBTELDBS020,V.TAL - REDE NEUTRA DE TELECOMUNICACOES S.A.
11,Fund A,2026-06-29,private_bonds,43262,MGPRA0 CONCESSAO METROVIARIA DO RIO DE JANEIRO S/A IPCA+7.8868% 15/Mar/42,79,bond,13500,13815989.05,0.07354944319621913,,BRMGPRDBS076,CONCESSAO METROVIARIA DO RIO DE JANEIRO S/A
11,Fund A,2026-06-29,private_bonds,43271,MGPRA0 CONCESSAO METROVIARIA DO RIO DE JANEIRO S/A IPCA+7.8868% 15/Mar/42,79,bond,1000,1023406.6,0.005448106903423639,,BRMGPRDBS076,CONCESSAO METROVIARIA DO RIO DE JANEIRO S/A
11,Fund A,2026-06-29,private_bonds,43273,EPRL12 EPR LITORAL PIONEIRO S.A. IPCA+8.203% 15/Mar/49,173,bond,13840,13881617.59,0.07389881684923388,,BREPRLDBS065,EPR LITORAL PIONEIRO S.A.
11,Fund A,2026-06-29,private_bonds,43267,VRDN12 VIARONDON CONCESSIONARIA DE RODOVIA S/A IPCA+5.55% 15/Dez/34,84,bond,9811,11231630.96,0.059791608129854706,,BRVRDNDBS012,VIARONDON CONCESSIONARIA DE RODOVIA S/A
11,Fund A,2026-06-29,private_bonds,43270,VRDN12 VIARONDON CONCESSIONARIA DE RODOVIA S/A IPCA+5.55% 15/Dez/34,84,bond,46,52660.79,0.00028033981999524174,,BRVRDNDBS012,VIARONDON CONCESSIONARIA DE RODOVIA S/A
11,Fund A,2026-06-29,private_bonds,43275,NC002600G2H,209,bond,9700,9785526.16,0.05209326660569857,,NC002600G2H,INTEGRA BRASIL S/A
11,Fund A,2026-06-29,private_bonds,43261,CGEE13 COMPANHIA ESTADUAL DE GERACAO DE ENERGIA ELETRICA - CEEE-G IPCA+8.7219% 14/Dez/41,78,bond,9985,7932489.89,0.042228624577292886,,BRCGEEDBS038,COMPANHIA ESTADUAL DE GERACAO DE ENERGIA ELETRICA - CEEE-G
11,Fund A,2026-06-29,private_bonds,43268,CGEE13 COMPANHIA ESTADUAL DE GERACAO DE ENERGIA ELETRICA - CEEE-G IPCA+8.7219% 14/Dez/41,78,bond,204,162065.89,0.0008627580784945167,,BRCGEEDBS038,COMPANHIA ESTADUAL DE GERACAO DE ENERGIA ELETRICA - CEEE-G
11,Fund A,2026-06-29,private_bonds,43269,CGEE13 COMPANHIA ESTADUAL DE GERACAO DE ENERGIA ELETRICA - CEEE-G IPCA+8.7219% 14/Dez/41,78,bond,400,317776.26,0.0016916825068519934,,BRCGEEDBS038,COMPANHIA ESTADUAL DE GERACAO DE ENERGIA ELETRICA - CEEE-G
11,Fund A,2026-06-29,private_bonds,43274,RUMOA3 RUMO S.A. IPCA+3.9% 15/Out/29,205,bond,3000,4045637.72,0.021536959861637298,,BRRAILDBS035,RUMO S.A.
11,Fund A,2026-06-29,private_bonds,43276,RUMOA4 RUMO S.A. IPCA+6.7961% 15/Abr/30,210,bond,873,1205564.46,0.006417824625857234,,BRRAILDBS050,RUMO S.A.
11,Fund A,2026-06-29,private_bonds,43277,RUMOA4 RUMO S.A. IPCA+6.7961% 15/Abr/30,210,bond,730,1008089.41,0.005366565838345682,,BRRAILDBS050,RUMO S.A.
11,Fund A,2026-06-29,private_bonds,43266,TEPA13 BRASIL TECNOLOGIA E PARTICIPACAO S.A. IPCA+11.5593% 15/Mar/32,83,bond,5508,5374096.27,0.02860901140449084,,BRTEPADBS031,BRASIL TECNOLOGIA E PARTICIPACAO S.A.
11,Fund A,2026-06-29,private_bonds,43951,AXIA18 AXIA ENERGIA S.A. IPCA+6.8% 15/Fev/33,214,bond,5030,4994696.12,0.02658927399067412,,BRAXIADBS0C8,AXIA ENERGIA S.A.
11,Fund A,2026-06-29,private_bonds,43265,RISP12 AGUAS DO RIO 1 SPE S.A IPCA+6.9% 15/Jan/34,82,bond,407863,3960961.12,0.021086183817934517,,BRRISPDBS020,AGUAS DO RIO 1 SPE S.A
11,Fund A,2026-06-29,private_bonds,43272,RISP12 AGUAS DO RIO 1 SPE S.A IPCA+6.9% 15/Jan/34,82,bond,45520,442067.43,0.0023533468036874617,,BRRISPDBS020,AGUAS DO RIO 1 SPE S.A
11,Fund A,2026-06-29,cash,13710,BRL,,,,0,0,,,
11,Fund A,2026-06-29,provisions,295879,taxa CVM,,,,26003.830279,0.0001384314385037211,,,
11,Fund A,2026-06-29,provisions,295901,ajuste de futuro,,,,20694.84,0.00011016901895094652,,,
11,Fund A,2026-06-29,provisions,295875,despesa de auditoria,,,,10505.517105,0.00005592613970585121,,,
11,Fund A,2026-06-29,provisions,297368,taxa ANBIMA/ANBID,,,,718.88,0.000003826959007339821,,,
11,Fund A,2026-06-29,provisions,295871,taxa SELIC,,,,75.42,4.014985092554659e-7,,,
11,Fund A,2026-06-29,provisions,296214,liquidação de compromissada (volta),,,,0,0,,,
11,Fund A,2026-06-29,provisions,296734,liquidação de compromissada (ida),,,,0,0,,,
11,Fund A,2026-06-29,provisions,297253,liquidação de compra/venda/resgate de títulos de renda fixa,,,,0,0,,,
11,Fund A,2026-06-29,provisions,297514,ajuste de saldo em conta,,,,0,0,,,
11,Fund A,2026-06-29,provisions,297370,ajuste de PL,,,,-0.01,-5.323501846399707e-11,,,
11,Fund A,2026-06-29,provisions,295883,liquidação de compra/venda de ativos na BM&F,,,,-282.98,-0.0000015064445524941892,,,
11,Fund A,2026-06-29,provisions,296732,taxa CETIP,,,,-2906.58,-0.00001547318399670846,,,
11,Fund A,2026-06-29,provisions,295872,taxa de custódia,,,,-7420.917742,-0.00003950526930151735,,,
11,Fund A,2026-06-29,provisions,295873,taxa de administração,,,,-10388.305803,-0.000055302165123235296,,,
11,Fund A,2026-07-29,futures,52103,Futuro de DI1 2030-01-02,89,future,-21,0,-0.00701332924012409,,,
11,Fund A,2026-07-29,futures,52100,Futuro de DI1 2029-01-02,99,future,-21,0,-0.008036585576857802,,,
11,Fund A,2026-07-29,futures,52107,Futuro de DI1 2028-01-03,98,future,-22,0,-0.009624844451082101,,,
11,Fund A,2026-07-29,futures,52098,Futuro de DI1 2027-01-04,97,future,-23,0,-0.011463564690039502,,,
11,Fund A,2026-07-29,futures,52104,Futuro de DI1 2032-01-02,101,future,-82,0,-0.020763613764564936,,,
11,Fund A,2026-07-29,futures,52109,Futuro de DI1 2031-01-02,100,future,-94,0,-0.027361198411555925,,,
11,Fund A,2026-07-29,futures,52105,Futuro de DAP 2028-08-15,96,future,-86,0,-0.0732977992850222,,,
11,Fund A,2026-07-29,futures,52099,Futuro de DAP 2029-05-15,85,future,-97,0,-0.07822115956652498,,,
11,Fund A,2026-07-29,futures,52101,Futuro de DAP 2033-05-16,94,future,-157,0,-0.09241759363434769,,,
11,Fund A,2026-07-29,futures,52102,Futuro de DAP 2030-08-15,87,future,-139,0,-0.10134653169423093,,,
11,Fund A,2026-07-29,futures,52108,Futuro de DAP 2027-05-17,93,future,-109,0,-0.10281054063969267,,,
11,Fund A,2026-07-29,futures,52097,Futuro de DAP 2032-08-16,88,future,-198,0,-0.1232668388255389,,,
11,Fund A,2026-07-29,futures,52106,Futuro de DAP 2035-05-15,86,future,-455,0,-0.23072552085026238,,,
11,Fund A,2026-07-29,bonds,52074,210100 vencimento 01/03/2028,71,bond,638,12462342.05,0.06562929543676665,,BRSTNCLF1RI1,Tesouro Nacional
11,Fund A,2026-07-29,bonds,52239,OVER @ NTNB 15/05/2029,105,overnight,0,0,0,,,Tesouro Nacional
11,Fund A,2026-07-29,bonds,52566,OVER @ LFT 01/09/2027,103,overnight,39,759336.45,0.003998824299102731,,,Tesouro Nacional
11,Fund A,2026-07-29,private_bonds,52080,MTXS11 MTX SE-CAMANDUCAIA SPE S.A. IPCA+12.4111% 15/Set/39,80,bond,30000,31946140.26,0.1682350451286926,,BRMTXSDBS006,MTX SE-CAMANDUCAIA SPE S.A.
11,Fund A,2026-07-29,private_bonds,52075,ARTRA7 ARTERIS S.A. IPCA+7.7% 15/Mai/35,75,bond,14803,13684551.12,0.07206570359956295,,BRARTRDBS0C4,ARTERIS S.A.
11,Fund A,2026-07-29,private_bonds,52076,ARTRA8 ARTERIS S.A. IPCA+8.2857% 15/Out/32,76,bond,18500,18156333.47,0.09561504320791037,,BRARTRDBS0E0,ARTERIS S.A.
11,Fund A,2026-07-29,private_bonds,52081,RALM21 RIALMA TRANSMISSORA DE ENERGIA V S/A IPCA+7.8293% 15/Dez/48,81,bond,15640,16304421.67,0.08586248896485298,,BRRALMDBS011,RIALMA TRANSMISSORA DE ENERGIA V S/A
11,Fund A,2026-07-29,private_bonds,52077,BTEL13 V.TAL - REDE NEUTRA DE TELECOMUNICACOES S.A. PRÉ+15.05% 15/Abr/32,77,bond,15180,15467131.31,0.08145314309073556,,BRBTELDBS020,V.TAL - REDE NEUTRA DE TELECOMUNICACOES S.A.
11,Fund A,2026-07-29,private_bonds,52090,EPRL12 EPR LITORAL PIONEIRO S.A. IPCA+8.203% 15/Mar/49,173,bond,13840,13760559.38,0.0724659789850461,,BREPRLDBS065,EPR LITORAL PIONEIRO S.A.
11,Fund A,2026-07-29,private_bonds,52079,MGPRA0 CONCESSAO METROVIARIA DO RIO DE JANEIRO S/A IPCA+7.8868% 15/Mar/42,79,bond,12500,12731530.68,0.06704689894409045,,BRMGPRDBS076,CONCESSAO METROVIARIA DO RIO DE JANEIRO S/A
11,Fund A,2026-07-29,private_bonds,52088,MGPRA0 CONCESSAO METROVIARIA DO RIO DE JANEIRO S/A IPCA+7.8868% 15/Mar/42,79,bond,1000,1018522.45,0.005363751915527236,,BRMGPRDBS076,CONCESSAO METROVIARIA DO RIO DE JANEIRO S/A
11,Fund A,2026-07-29,private_bonds,52084,VRDN12 VIARONDON CONCESSIONARIA DE RODOVIA S/A IPCA+5.55% 15/Dez/34,84,bond,9811,11398885.21,0.06002890968433857,,BRVRDNDBS012,VIARONDON CONCESSIONARIA DE RODOVIA S/A
11,Fund A,2026-07-29,private_bonds,52087,VRDN12 VIARONDON CONCESSIONARIA DE RODOVIA S/A IPCA+5.55% 15/Dez/34,84,bond,46,53444.98,0.0002814524355804275,,BRVRDNDBS012,VIARONDON CONCESSIONARIA DE RODOVIA S/A
11,Fund A,2026-07-29,private_bonds,52092,NC002600G2H,209,bond,9700,9931108.14,0.05229928914771897,,NC002600G2H,INTEGRA BRASIL S/A
11,Fund A,2026-07-29,private_bonds,52093,AXIA18 AXIA ENERGIA S.A. IPCA+6.8% 15/Fev/33,214,bond,5030,5024267.69,0.026458842728905644,,BRAXIADBS0C8,AXIA ENERGIA S.A.
11,Fund A,2026-07-29,private_bonds,52096,AXIA19 AXIA ENERGIA S.A. IPCA+8.0036% 15/Jun/36,220,bond,4000,4003865.59,0.021085192214278452,,BRAXIADBS0F1,AXIA ENERGIA S.A.
11,Fund A,2026-07-29,private_bonds,52078,CGEE13 COMPANHIA ESTADUAL DE GERACAO DE ENERGIA ELETRICA - CEEE-G IPCA+8.7219% 14/Dez/41,78,bond,9985,7930206.03,0.04176212082830938,,BRCGEEDBS038,COMPANHIA ESTADUAL DE GERACAO DE ENERGIA ELETRICA - CEEE-G
11,Fund A,2026-07-29,private_bonds,52085,CGEE13 COMPANHIA ESTADUAL DE GERACAO DE ENERGIA ELETRICA - CEEE-G IPCA+8.7219% 14/Dez/41,78,bond,204,162019.23,0.0008532271055558451,,BRCGEEDBS038,COMPANHIA ESTADUAL DE GERACAO DE ENERGIA ELETRICA - CEEE-G
11,Fund A,2026-07-29,private_bonds,52086,CGEE13 COMPANHIA ESTADUAL DE GERACAO DE ENERGIA ELETRICA - CEEE-G IPCA+8.7219% 14/Dez/41,78,bond,400,317684.77,0.0016729943246193042,,BRCGEEDBS038,COMPANHIA ESTADUAL DE GERACAO DE ENERGIA ELETRICA - CEEE-G
11,Fund A,2026-07-29,private_bonds,52083,TEPA13 BRASIL TECNOLOGIA E PARTICIPACAO S.A. IPCA+11.5593% 15/Mar/32,83,bond,5508,5466601.59,0.028788265404407477,,BRTEPADBS031,BRASIL TECNOLOGIA E PARTICIPACAO S.A.
11,Fund A,2026-07-29,private_bonds,52091,RUMOA3 RUMO S.A. IPCA+3.9% 15/Out/29,205,bond,2087,2862404.19,0.015074018153503526,,BRRAILDBS035,RUMO S.A.
11,Fund A,2026-07-29,private_bonds,52094,RUMOA3 RUMO S.A. IPCA+3.9% 15/Out/29,205,bond,329,451236.69,0.0023763066471023764,,BRRAILDBS035,RUMO S.A.
11,Fund A,2026-07-29,private_bonds,52095,RUMOA4 RUMO S.A. IPCA+6.7961% 15/Abr/30,210,bond,870,1223294.22,0.006442122804853415,,BRRAILDBS050,RUMO S.A.
11,Fund A,2026-07-29,private_bonds,52082,RISP12 AGUAS DO RIO 1 SPE S.A IPCA+6.9% 15/Jan/34,82,bond,407863,3860451.03,0.02032994120448389,,BRRISPDBS020,AGUAS DO RIO 1 SPE S.A
11,Fund A,2026-07-29,private_bonds,52089,RISP12 AGUAS DO RIO 1 SPE S.A IPCA+6.9% 15/Jan/34,82,bond,45520,430849.9,0.002268945512655246,,BRRISPDBS020,AGUAS DO RIO 1 SPE S.A
11,Fund A,2026-07-29,cash,16882,BRL,,,,0,0,,,
11,Fund A,2026-07-29,provisions,316905,ajuste de futuro,,,,470806.98,0.0024793678636156934,,,
11,Fund A,2026-07-29,provisions,316891,taxa CVM,,,,23342.973227,0.00012292897114708307,,,
11,Fund A,2026-07-29,provisions,316887,despesa de auditoria,,,,9361.657862,0.000049300445063936815,,,
11,Fund A,2026-07-29,provisions,316893,taxa ANBIMA/ANBID,,,,342.33,0.000001802781260276898,,,
11,Fund A,2026-07-29,provisions,316883,taxa SELIC,,,,82.95,4.3683202038959095e-7,,,
11,Fund A,2026-07-29,provisions,317189,liquidação de compromissada (volta),,,,0,0,,,
11,Fund A,2026-07-29,provisions,317813,liquidação de compromissada (ida),,,,0,0,,,
11,Fund A,2026-07-29,provisions,322013,ajuste de PL,,,,0,0,,,
11,Fund A,2026-07-29,provisions,316896,liquidação de compra/venda de ativos na BM&F,,,,-303.56,-0.0000015986103449001113,,,
11,Fund A,2026-07-29,provisions,316886,taxa CETIP,,,,-1981.43,-0.000010434624112845657,,,
11,Fund A,2026-07-29,provisions,316884,taxa de custódia,,,,-7881.306395,-0.00004150460513366189,,,
11,Fund A,2026-07-29,provisions,316885,taxa de administração,,,,-11032.757533,-0.0000581008048656886,,,
11,Fund A,2026-08-11,futures,55846,Futuro de DI1 2030-01-02,89,future,-21,0,-0.006978149342780134,,,
11,Fund A,2026-08-11,futures,55841,Futuro de DI1 2029-01-02,99,future,-21,0,-0.007994441980240425,,,
11,Fund A,2026-08-11,futures,55851,Futuro de DI1 2028-01-03,98,future,-22,0,-0.009576867756794403,,,
11,Fund A,2026-08-11,futures,55840,Futuro de DI1 2027-01-04,97,future,-23,0,-0.011405300230748459,,,
11,Fund A,2026-08-11,futures,55847,Futuro de DI1 2032-01-02,101,future,-82,0,-0.02069371593858479,,,
11,Fund A,2026-08-11,futures,55850,Futuro de DI1 2031-01-02,100,future,-94,0,-0.027238531648953283,,,
11,Fund A,2026-08-11,futures,55845,Futuro de DAP 2028-08-15,96,future,-84,0,-0.07140113256985983,,,
11,Fund A,2026-08-11,futures,55842,Futuro de DAP 2029-05-15,85,future,-94,0,-0.07569138492509597,,,
11,Fund A,2026-08-11,futures,55843,Futuro de DAP 2033-05-16,94,future,-149,0,-0.08802248230664601,,,
11,Fund A,2026-08-11,futures,55844,Futuro de DAP 2030-08-15,87,future,-135,0,-0.09851097366129662,,,
11,Fund A,2026-08-11,futures,55848,Futuro de DAP 2027-05-17,93,future,-107,0,-0.10050790463122555,,,
11,Fund A,2026-08-11,futures,55839,Futuro de DAP 2032-08-16,88,future,-194,0,-0.12119899311155115,,,
11,Fund A,2026-08-11,futures,55849,Futuro de DAP 2035-05-15,86,future,-442,0,-0.22601755823509595,,,
11,Fund A,2026-08-11,bonds,55815,210100 vencimento 01/03/2028,71,bond,638,12521258.72,0.06528352110434034,,BRSTNCLF1RI1,Tesouro Nacional
11,Fund A,2026-08-11,bonds,55965,OVER @ NTNF 01/01/2027,226,overnight,0,0,0,,,Tesouro Nacional
11,Fund A,2026-08-11,private_bonds,55821,MTXS11 MTX SE-CAMANDUCAIA SPE S.A. IPCA+12.4111% 15/Set/39,80,bond,30000,33143390.76,0.17280349353171642,,BRMTXSDBS006,MTX SE-CAMANDUCAIA SPE S.A.
11,Fund A,2026-08-11,private_bonds,55816,ARTRA7 ARTERIS S.A. IPCA+7.7% 15/Mai/35,75,bond,14803,13871964.6,0.07232585112237054,,BRARTRDBS0C4,ARTERIS S.A.
11,Fund A,2026-08-11,private_bonds,55817,ARTRA8 ARTERIS S.A. IPCA+8.2857% 15/Out/32,76,bond,18500,18369526.75,0.09577530616152093,,BRARTRDBS0E0,ARTERIS S.A.
11,Fund A,2026-08-11,private_bonds,55822,RALM21 RIALMA TRANSMISSORA DE ENERGIA V S/A IPCA+7.8293% 15/Dez/48,81,bond,15640,16792566.21,0.0875533263420974,,BRRALMDBS011,RIALMA TRANSMISSORA DE ENERGIA V S/A
11,Fund A,2026-08-11,private_bonds,55818,BTEL13 V.TAL - REDE NEUTRA DE TELECOMUNICACOES S.A. PRÉ+15.05% 15/Abr/32,77,bond,15180,15607846.1,0.08137641534403137,,BRBTELDBS020,V.TAL - REDE NEUTRA DE TELECOMUNICACOES S.A.
11,Fund A,2026-08-11,private_bonds,55831,EPRL12 EPR LITORAL PIONEIRO S.A. IPCA+8.203% 15/Mar/49,173,bond,13840,14048773.27,0.0732476987295506,,BREPRLDBS065,EPR LITORAL PIONEIRO S.A.
11,Fund A,2026-08-11,private_bonds,55825,VRDN12 VIARONDON CONCESSIONARIA DE RODOVIA S/A IPCA+5.55% 15/Dez/34,84,bond,9811,11487933.22,0.05989595353878056,,BRVRDNDBS012,VIARONDON CONCESSIONARIA DE RODOVIA S/A
11,Fund A,2026-08-11,private_bonds,55828,VRDN12 VIARONDON CONCESSIONARIA DE RODOVIA S/A IPCA+5.55% 15/Dez/34,84,bond,46,53862.49,0.0002808290554259408,,BRVRDNDBS012,VIARONDON CONCESSIONARIA DE RODOVIA S/A
11,Fund A,2026-08-11,private_bonds,55833,NC002600G2H,209,bond,9700,9984408.62,0.05205685511223984,,NC002600G2H,INTEGRA BRASIL S/A
11,Fund A,2026-08-11,private_bonds,55820,MGPRA0 CONCESSAO METROVIARIA DO RIO DE JANEIRO S/A IPCA+7.8868% 15/Mar/42,79,bond,7650,7954159.12,0.04147151068143158,,BRMGPRDBS076,CONCESSAO METROVIARIA DO RIO DE JANEIRO S/A
11,Fund A,2026-08-11,private_bonds,55829,MGPRA0 CONCESSAO METROVIARIA DO RIO DE JANEIRO S/A IPCA+7.8868% 15/Mar/42,79,bond,1000,1039759.36,0.005421112507376677,,BRMGPRDBS076,CONCESSAO METROVIARIA DO RIO DE JANEIRO S/A
11,Fund A,2026-08-11,private_bonds,55819,CGEE13 COMPANHIA ESTADUAL DE GERACAO DE ENERGIA ELETRICA - CEEE-G IPCA+8.7219% 14/Dez/41,78,bond,9985,7991379.03,0.04166556841400257,,BRCGEEDBS038,COMPANHIA ESTADUAL DE GERACAO DE ENERGIA ELETRICA - CEEE-G
11,Fund A,2026-08-11,private_bonds,55826,CGEE13 COMPANHIA ESTADUAL DE GERACAO DE ENERGIA ELETRICA - CEEE-G IPCA+8.7219% 14/Dez/41,78,bond,204,163269.04,0.000851254477361695,,BRCGEEDBS038,COMPANHIA ESTADUAL DE GERACAO DE ENERGIA ELETRICA - CEEE-G
11,Fund A,2026-08-11,private_bonds,55827,CGEE13 COMPANHIA ESTADUAL DE GERACAO DE ENERGIA ELETRICA - CEEE-G IPCA+8.7219% 14/Dez/41,78,bond,400,320135.36,0.0016691264261994019,,BRCGEEDBS038,COMPANHIA ESTADUAL DE GERACAO DE ENERGIA ELETRICA - CEEE-G
11,Fund A,2026-08-11,private_bonds,55834,AXIA18 AXIA ENERGIA S.A. IPCA+6.8% 15/Fev/33,214,bond,4030,4074815.36,0.02124533166503669,,BRAXIADBS0C8,AXIA ENERGIA S.A.
11,Fund A,2026-08-11,private_bonds,55837,AXIA19 AXIA ENERGIA S.A. IPCA+8.0036% 15/Jun/36,220,bond,4000,4076223.92,0.02125267565090699,,BRAXIADBS0F1,AXIA ENERGIA S.A.
11,Fund A,2026-08-11,private_bonds,55824,TEPA13 BRASIL TECNOLOGIA E PARTICIPACAO S.A. IPCA+11.5593% 15/Mar/32,83,bond,5508,5405042.37,0.028180888646917656,,BRTEPADBS031,BRASIL TECNOLOGIA E PARTICIPACAO S.A.
11,Fund A,2026-08-11,private_bonds,55832,RUMOA3 RUMO S.A. IPCA+3.9% 15/Out/29,205,bond,2087,2882278.32,0.01502766466968024,,BRRAILDBS035,RUMO S.A.
11,Fund A,2026-08-11,private_bonds,55835,RUMOA3 RUMO S.A. IPCA+3.9% 15/Out/29,205,bond,329,454369.7,0.0023689993657521795,,BRRAILDBS035,RUMO S.A.
11,Fund A,2026-08-11,private_bonds,55836,RUMOA4 RUMO S.A. IPCA+6.7961% 15/Abr/30,210,bond,870,1230235.17,0.006414218059726601,,BRRAILDBS050,RUMO S.A.
11,Fund A,2026-08-11,private_bonds,55823,RISP12 AGUAS DO RIO 1 SPE S.A IPCA+6.9% 15/Jan/34,82,bond,407863,3889924.43,0.020281344675236897,,BRRISPDBS020,AGUAS DO RIO 1 SPE S.A
11,Fund A,2026-08-11,private_bonds,55830,RISP12 AGUAS DO RIO 1 SPE S.A IPCA+6.9% 15/Jan/34,82,bond,45520,434139.31,0.0022635218434052208,,BRRISPDBS020,AGUAS DO RIO 1 SPE S.A
11,Fund A,2026-08-11,private_bonds,55838,MRSAB3 MRS LOGISTICA S/A IPCA+6.8437% 15/Jul/40,224,bond,2035,2010314.38,0.010481406406405117,,BRMRSADBS0O5,MRS LOGISTICA S/A
11,Fund A,2026-08-11,cash,19620,BRL,,,,3932731.31,0.020504531790686453,,,
11,Fund A,2026-08-11,provisions,340067,ajuste de futuro,,,,35920.72,0.00018728397317953224,,,
11,Fund A,2026-08-11,provisions,340054,taxa CVM,,,,22254.440797,0.00011603052759941438,,,
11,Fund A,2026-08-11,provisions,340050,despesa de auditoria,,,,8893.715444,0.000046370183133313796,,,
11,Fund A,2026-08-11,provisions,340056,taxa ANBIMA/ANBID,,,,205.39,0.0000010708653738383899,,,
11,Fund A,2026-08-11,provisions,340046,taxa SELIC,,,,31.9,1.6632068467522583e-7,,,
11,Fund A,2026-08-11,provisions,340768,liquidação de compromissada (volta),,,,0,0,,,
11,Fund A,2026-08-11,provisions,340939,liquidação de compra/venda de ativos na BM&F,,,,-94.64,-4.934354105850587e-7,,,
11,Fund A,2026-08-11,provisions,340047,taxa de custódia,,,,-2644.741478,-0.000013789191642944474,,,
11,Fund A,2026-08-11,provisions,340049,taxa CETIP,,,,-3019.18,-0.0000157414446632523,,,
11,Fund A,2026-08-11,provisions,340048,taxa de administração,,,,-3702.28869,-0.000019303046701760028,,,
18,Fund G,2026-01-30,funds,12123,Fund F,156,fund,253455.296089,275280300.11,1.001159026355211,,BR0M7GCTF023,
18,Fund G,2026-01-30,cash,3214,BRL,,,,0,0,,,
18,Fund G,2026-01-30,provisions,136436,liquidação de compra/venda de cotas de fundos,,,,0,0,,,
18,Fund G,2026-01-30,provisions,136439,ajuste de saldo em conta,,,,0,0,,,
18,Fund G,2026-01-30,provisions,136437,taxa de administração,,,,-318687.76,-0.0011590263719953053,,,
18,Fund G,2026-03-01,funds,13242,Fund F,156,fund,253161.8748,275028100.55,1.0009941984411328,,BR0M7GCTF023,
18,Fund G,2026-03-01,cash,5848,BRL,,,,0,0,,,
18,Fund G,2026-03-01,provisions,201657,ajuste de PL,,,,0.01,3.639606994447673e-11,,,
18,Fund G,2026-03-01,provisions,201656,taxa de administração,,,,-273160.94,-0.0009941984678339011,,,
18,Fund G,2026-03-31,funds,21555,Fund F,156,fund,252910.431636,303564598.8,1.001101020849513,,BR0M7GCTF023,
18,Fund G,2026-03-31,cash,7397,BRL,,,,0,0,,,
18,Fund G,2026-03-31,provisions,250668,ajuste de PL,,,,0.01,3.29781873380665e-11,,,
18,Fund G,2026-03-31,provisions,249740,outros/não categorizado,,,,0,0,,,
18,Fund G,2026-03-31,provisions,208605,taxa de gestão,,,,-333863.370334,-0.0011010208772192925,,,
18,Fund G,2026-04-30,funds,28775,Fund F,156,fund,252632.278232,303279786.07,1.001006258654695,,BR0M7GCTF023,
18,Fund G,2026-04-30,cash,8372,BRL,,,,0,0,,,
18,Fund G,2026-04-30,provisions,275535,ajuste de PL,,,,0.01,3.300603286572541e-11,,,
18,Fund G,2026-04-30,provisions,275533,outros/não categorizado,,,,0,0,,,
18,Fund G,2026-04-30,provisions,259300,taxa de gestão,,,,-304871.14394,-0.0010062586996694941,,,
18,Fund G,2026-05-30,funds,35246,Fund F,156,fund,252378.320355,303000920.12,1.0010001516124492,,BR0M7GCTF023,
18,Fund G,2026-05-30,cash,10412,BRL,,,,0,0,,,
18,Fund G,2026-05-30,provisions,280260,outros/não categorizado,,,,0,0,,,
18,Fund G,2026-05-30,provisions,280261,ajuste de PL,,,,-0.01,-3.3036208313155443e-11,,,
18,Fund G,2026-05-30,provisions,273335,taxa de gestão,,,,-302744.06394,-0.0010001515961893092,,,
18,Fund G,2026-06-29,funds,43303,Fund F,156,fund,252126.155981,302698176.06,1.0000000000294993,,BR0M7GCTF023,
18,Fund G,2026-06-29,cash,13377,BRL,,,,0,0,,,
18,Fund G,2026-06-29,provisions,295922,outros/não categorizado,,,,302744.06,0.001000151583173043,,,
18,Fund G,2026-06-29,provisions,295921,ajuste de PL,,,,0.01,3.3036208313155443e-11,,,
18,Fund G,2026-06-29,provisions,299418,ajuste automático para travar PL/cota,,,,-0.01,-3.3036208313155443e-11,,,
18,Fund G,2026-06-29,provisions,295920,taxa de gestão,,,,-302744.06394,-0.0010001515961893092,,,
18,Fund G,2026-07-29,funds,52120,Fund F,156,fund,251861.438948,302443833.05,0.999999999969728,,BR0M7GCTF023,
18,Fund G,2026-07-29,cash,16160,BRL,,,,0,0,,,
18,Fund G,2026-07-29,provisions,317957,outros/não categorizado,,,,317881.28,0.0010510423597790387,,,
18,Fund G,2026-07-29,provisions,316926,ajuste de PL,,,,0,0,,,
18,Fund G,2026-07-29,provisions,316928,taxa de gestão,,,,-317881.267137,-0.0010510423172488278,,,
18,Fund G,2026-08-11,funds,55859,Fund F,156,fund,251571.573681,302163937.46,1.000050098424176,,BR0M7GCTF023,
18,Fund G,2026-08-11,cash,19649,BRL,,,,0,0,,,
18,Fund G,2026-08-11,provisions,340953,outros/não categorizado,,,,90823.23,0.000300591066109925,,,
18,Fund G,2026-08-11,provisions,340100,ajuste de PL,,,,0.01,3.30962757116131e-11,,,
18,Fund G,2026-08-11,provisions,340102,taxa de gestão,,,,-105960.422379,-0.00035068953535743623,,,
16,Fund E,2026-01-30,funds,12126,Fund F,156,fund,18680,20288532.48,0.9999999998130964,,BR0M7GCTF023,
16,Fund E,2026-01-30,cash,3216,BRL,,,,0,0,,,
16,Fund E,2026-01-30,provisions,136441,liquidação de compra/venda de cotas de fundos,,,,0,0,,,
16,Fund E,2026-01-30,provisions,136442,ajuste de saldo em conta,,,,0,0,,,
16,Fund E,2026-03-01,funds,13245,Fund F,156,fund,18680,20293438.43,0.9999999998533516,,BR0M7GCTF023,
16,Fund E,2026-03-01,cash,3665,BRL,,,,0,0,,,
16,Fund E,2026-03-31,funds,21558,Fund F,156,fund,18680,22421323.9,1.0000000000388916,,BR0M7GCTF023,
16,Fund E,2026-03-31,cash,6233,BRL,,,,0,0,,,
16,Fund E,2026-04-30,funds,28778,Fund F,156,fund,18680,22424950.78,0.9999999998237677,,BR0M7GCTF023,
16,Fund E,2026-04-30,cash,8373,BRL,,,,0,0,,,
16,Fund E,2026-05-30,funds,35249,Fund F,156,fund,18680,22426875.57,1.0000000001153972,,BR0M7GCTF023,
16,Fund E,2026-05-30,cash,9900,BRL,,,,0,0,,,
16,Fund E,2026-06-29,funds,43306,Fund F,156,fund,18680,22426875.57,1.0000000001153972,,BR0M7GCTF023,
16,Fund E,2026-06-29,cash,13378,BRL,,,,0,0,,,
16,Fund E,2026-07-29,funds,52123,Fund F,156,fund,18680,22431583.12,0.9999999998061662,,BR0M7GCTF023,
16,Fund E,2026-07-29,cash,16161,BRL,,,,0,0,,,
16,Fund E,2026-08-11,funds,55862,Fund F,156,fund,18680,22436646.04,0.9999999998801069,,BR0M7GCTF023,
16,Fund E,2026-08-11,cash,19582,BRL,,,,0,0,,,
17,Fund F,2026-01-30,stocks,11854,Ação ON Stec Participações S.A,158,stock,4436818,284560004.29,0.9627537579302711,,,Stec Participações S.A
17,Fund F,2026-01-30,bonds,11847,OVER @ NTNB 15/05/2033,111,overnight,2636,11038156.29,0.03734546770003255,,,Tesouro Nacional
17,Fund F,2026-01-30,cash,3160,BRL,,,,0,0,,,
17,Fund F,2026-01-30,provisions,136005,Taxa de escrituração,,,,7589.49,0.000025677572069260024,,,
17,Fund F,2026-01-30,provisions,136524,ajuste de PL,,,,0.01,3.38330666082438e-11,,,
17,Fund F,2026-01-30,provisions,135992,liquidação de compromissada (ida),,,,0,0,,,
17,Fund F,2026-01-30,provisions,136006,ajuste de saldo em conta,,,,0,0,,,
17,Fund F,2026-01-30,provisions,136007,taxa de administração,,,,-36917.5,-0.00012490322365098404,,,
17,Fund F,2026-03-01,stocks,13199,Ação ON Stec Participações S.A,158,stock,4436818,284560004.29,0.9635599396733936,,,Stec Participações S.A
17,Fund F,2026-03-01,bonds,13420,OVER @ NTNB 15/05/2033,111,overnight,0,0,0,,,Tesouro Nacional
17,Fund F,2026-03-01,bonds,14348,OVER @ LFT 01/09/2029,164,overnight,588,10788094.84,0.036529996684122185,,,Tesouro Nacional
17,Fund F,2026-03-01,cash,5872,BRL,,,,0,0,,,
17,Fund F,2026-03-01,provisions,170777,taxa CVM,,,,5200.21,0.000017608637750516688,,,
17,Fund F,2026-03-01,provisions,170779,ajuste de PL,,,,0.02,6.772279485065676e-11,,,
17,Fund F,2026-03-01,provisions,140048,liquidação de compromissada (volta),,,,0,0,,,
17,Fund F,2026-03-01,provisions,147854,liquidação de compromissada (ida),,,,0,0,,,
17,Fund F,2026-03-01,provisions,170780,ajuste automático para travar PL/cota,,,,0,0,,,
17,Fund F,2026-03-01,provisions,201681,ajuste de saldo em conta,,,,0,0,,,
17,Fund F,2026-03-01,provisions,201680,Taxa de escrituração,,,,-140.55,-4.7592194081299036e-7,,,
17,Fund F,2026-03-01,provisions,170778,taxa de administração,,,,-31619.814021,-0.00010706910890800515,,,
17,Fund F,2026-03-31,stocks,21511,Ação ON Stec Participações S.A,158,stock,4436818,315466418.25,0.9677301879708654,,,Stec Participações S.A
17,Fund F,2026-03-31,bonds,21710,OVER @ LTN 01/10/2027,73,overnight,0,0,0,,,Tesouro Nacional
17,Fund F,2026-03-31,bonds,22029,OVER @ LTN 01/10/2027,73,overnight,13035,10604064.88,0.03252921105743487,,,Tesouro Nacional
17,Fund F,2026-03-31,cash,7683,BRL,,,,0,0,,,
17,Fund F,2026-03-31,provisions,204726,liquidação de compromissada (volta),,,,0,0,,,
17,Fund F,2026-03-31,provisions,205641,liquidação de compromissada (ida),,,,0,0,,,
17,Fund F,2026-03-31,provisions,250632,ajuste de PL,,,,-0.01,-3.0676171281183975e-11,,,
17,Fund F,2026-03-31,provisions,250631,taxa de administração,,,,-38616.577125,-0.00011846087341795511,,,
17,Fund F,2026-03-31,provisions,250633,outros/não categorizado,,,,-45943.85,-0.00014093814119170244,,,
17,Fund F,2026-04-30,stocks,28732,Ação ON Stec Participações S.A,158,stock,4436818,315466418.25,0.9685656441515367,,,Stec Participações S.A
17,Fund F,2026-04-30,bonds,29021,OVER @ NTNB 15/08/2040,177,overnight,0,0,0,,,Tesouro Nacional
17,Fund F,2026-04-30,bonds,29765,OVER @ LFT 01/03/2027,148,overnight,548,10342067.71,0.03175289315738142,,,Tesouro Nacional
17,Fund F,2026-04-30,cash,10394,BRL,,,,0,0,,,
17,Fund F,2026-04-30,provisions,260024,liquidação de compromissada (volta),,,,0,0,,,
17,Fund F,2026-04-30,provisions,262457,liquidação de compromissada (ida),,,,0,0,,,
17,Fund F,2026-04-30,provisions,275511,outros/não categorizado,,,,0,0,,,
17,Fund F,2026-04-30,provisions,275512,ajuste de saldo em conta,,,,0,0,,,
17,Fund F,2026-04-30,provisions,275509,ajuste de PL,,,,-0.01,-3.070265448612557e-11,,,
17,Fund F,2026-04-30,provisions,275508,taxa de administração,,,,-38749.099475,-0.00011897002128294346,,,
17,Fund F,2026-04-30,provisions,275510,despesa de auditoria,,,,-65000,-0.00019956725415981618,,,
17,Fund F,2026-05-30,stocks,35203,Ação ON Stec Participações S.A,158,stock,4436818,315466418.25,0.9693898997227947,,,Stec Participações S.A
17,Fund F,2026-05-30,bonds,36448,OVER @ LFT 01/06/2032,192,overnight,0,0,0,,,Tesouro Nacional
17,Fund F,2026-05-30,bonds,36463,OVER @ NTNB 15/08/2050,204,overnight,2528,10064739.12,0.030927718077308177,,,Tesouro Nacional
17,Fund F,2026-05-30,cash,11314,BRL,,,,0,0,,,
17,Fund F,2026-05-30,provisions,277965,taxa CETIP,,,,318.846957,9.797778837679114e-7,,,
17,Fund F,2026-05-30,provisions,277473,taxa SELIC,,,,37.733913,1.1595172108047586e-7,,,
17,Fund F,2026-05-30,provisions,279323,liquidação de compromissada (volta),,,,0,0,,,
17,Fund F,2026-05-30,provisions,279381,liquidação de compromissada (ida),,,,0,0,,,
17,Fund F,2026-05-30,provisions,279533,outros/não categorizado,,,,0,0,,,
17,Fund F,2026-05-30,provisions,279382,ajuste de PL,,,,-0.01,-3.0728782641883937e-11,,,
17,Fund F,2026-05-30,provisions,279380,taxa de administração,,,,-38718.236611,-0.0001189764277096452,,,
17,Fund F,2026-05-30,provisions,275601,despesa de auditoria,,,,-65000,-0.0001997370871722456,,,
17,Fund F,2026-06-29,stocks,43255,Ação ON Stec Participações S.A,158,stock,4436818,315466418.25,0.9702925586910243,,,Stec Participações S.A
17,Fund F,2026-06-29,bonds,43460,OVER @ NTNB 15/05/2029,105,overnight,0,0,0,,,Tesouro Nacional
17,Fund F,2026-06-29,bonds,43751,OVER @ LFT 01/03/2030,170,overnight,512,9826845.25,0.0302248171910448,,,Tesouro Nacional
17,Fund F,2026-06-29,cash,13815,BRL,,,,0,0,,,
17,Fund F,2026-06-29,provisions,296791,taxa CETIP,,,,475.7,0.0000014631293331610957,,,
17,Fund F,2026-06-29,provisions,296792,taxa SELIC,,,,66.39,2.0419835280337427e-7,,,
17,Fund F,2026-06-29,provisions,296236,liquidação de compromissada (volta),,,,0,0,,,
17,Fund F,2026-06-29,provisions,296793,liquidação de compromissada (ida),,,,0,0,,,
17,Fund F,2026-06-29,provisions,298192,ajuste de PL,,,,0,0,,,
17,Fund F,2026-06-29,provisions,298194,ajuste de saldo em conta,,,,0,0,,,
17,Fund F,2026-06-29,provisions,298190,taxa de administração,,,,-38685.481796,-0.00011898646874752405,,,
17,Fund F,2026-06-29,provisions,295866,despesa de auditoria,,,,-65000,-0.00019992307474347534,,,
17,Fund F,2026-06-29,provisions,298193,outros/não categorizado,,,,-65068.47,-0.0002001336706346705,,,
17,Fund F,2026-07-29,stocks,52072,Ação ON Stec Participações S.A,158,stock,4436818,315466418.25,0.9710381351076466,,,Stec Participações S.A
17,Fund F,2026-07-29,bonds,52201,OVER @ NTNB 15/08/2028,92,overnight,0,0,0,,,Tesouro Nacional
17,Fund F,2026-07-29,bonds,52582,OVER @ LTN 01/04/2028,138,overnight,12041,9577846.15,0.02948159717454535,,,Tesouro Nacional
17,Fund F,2026-07-29,cash,16276,BRL,,,,0,0,,,
17,Fund F,2026-07-29,provisions,316879,taxa ANBIMA/ANBID,,,,764.37,0.0000023528096063247533,,,
17,Fund F,2026-07-29,provisions,316876,taxa CETIP,,,,370.4,0.0000011401293590573788,,,
17,Fund F,2026-07-29,provisions,316878,taxa SELIC,,,,60.69,1.8681007235743066e-7,,,
17,Fund F,2026-07-29,provisions,317111,liquidação de compromissada (volta),,,,0,0,,,
17,Fund F,2026-07-29,provisions,317904,liquidação de compromissada (ida),,,,0,0,,,
17,Fund F,2026-07-29,provisions,317956,ajuste de PL,,,,-0.01,-3.0781030212132254e-11,,,
17,Fund F,2026-07-29,provisions,317183,taxa de administração,,,,-40594.246962,-0.000124953274217608,,,
17,Fund F,2026-07-29,provisions,317951,outros/não categorizado,,,,-64449.45,-0.00019838204676053074,,,
17,Fund F,2026-07-29,provisions,316874,despesa de auditoria,,,,-65000,-0.00020007669637885967,,,
17,Fund F,2026-08-11,stocks,55813,Ação ON Stec Participações S.A,158,stock,4436818,315466418.25,0.9718602931911458,,,Stec Participações S.A
17,Fund F,2026-08-11,bonds,55984,OVER @ NTNB 15/05/2033,111,overnight,0,0,0,,,Tesouro Nacional
17,Fund F,2026-08-11,cash,19647,BRL,,,,9229802.54,0.02843433748787454,,,
17,Fund F,2026-08-11,provisions,340040,taxa ANBIMA/ANBID,,,,579.07,0.0000017839462694619586,,,
17,Fund F,2026-08-11,provisions,340038,taxa CETIP,,,,142.46,4.3887783091431197e-7,,,
17,Fund F,2026-08-11,provisions,340039,taxa SELIC,,,,23.34,7.190375244658178e-8,,,
17,Fund F,2026-08-11,provisions,340911,liquidação de compromissada (volta),,,,0,0,,,
17,Fund F,2026-08-11,provisions,340952,ajuste de PL,,,,0,0,,,
17,Fund F,2026-08-11,provisions,340934,taxa de administração,,,,-13525.167546,-0.00004166710792742614,,,
17,Fund F,2026-08-11,provisions,340935,outros/não categorizado,,,,-17856.99,-0.00005501219316200028,,,
17,Fund F,2026-08-11,provisions,340037,despesa de auditoria,,,,-65000,-0.00020024609721627318,,,
21,Fund J,2026-06-25,bonds,50440,210100 vencimento 01/03/2028,71,bond,596,11494833.59,0.5888944804585998,,BRSTNCLF1RI1,Tesouro Nacional
21,Fund J,2026-06-25,bonds,50441,210100 vencimento 01/03/2028,71,bond,409,7888233.12,0.4041238968247774,,BRSTNCLF1RI1,Tesouro Nacional
21,Fund J,2026-06-25,bonds,50442,OVER @ NTNB 15/05/2027,190,overnight,30,136547.21,0.006995481723016359,,,Tesouro Nacional
21,Fund J,2026-06-25,cash,17020,BRL,,,,0,0,,,
21,Fund J,2026-06-25,provisions,312945,outros/não categorizado,,,,649.44,0.000033271610970274746,,,
21,Fund J,2026-06-25,provisions,322872,taxa de custódia,,,,-23.226231,-0.0000011899084166939754,,,
21,Fund J,2026-06-25,provisions,322871,taxa de gestão,,,,-116.131157,-0.000005949542185932341,,,
21,Fund J,2026-06-25,provisions,322861,taxa de administração,,,,-238.095238,-0.000012197912251495099,,,
21,Fund J,2026-06-25,provisions,324249,ajuste automático para travar PL/cota de abertura,,,,-542.51,-0.000027793455388463527,,,
21,Fund J,2026-07-25,bonds,50744,210100 vencimento 01/03/2028,71,bond,596,11623504.82,0.5431996017815787,,BRSTNCLF1RI1,Tesouro Nacional
21,Fund J,2026-07-25,bonds,50745,210100 vencimento 01/03/2028,71,bond,409,7976532.67,0.37276616967896925,,BRSTNCLF1RI1,Tesouro Nacional
21,Fund J,2026-07-25,bonds,50746,210100 vencimento 01/03/2028,71,bond,88,1716222.19,0.08020396804828678,,BRSTNCLF1RI1,Tesouro Nacional
21,Fund J,2026-07-25,bonds,54898,OVER @ 210100 vencimento 01/03/2028,180,overnight,0,0,0,,,Tesouro Nacional
21,Fund J,2026-07-25,cash,19885,BRL,,,,88105.42,0.0041174180931094284,,,
21,Fund J,2026-07-25,provisions,336760,outros/não categorizado,,,,689.026363,0.00003220017126807392,,,
21,Fund J,2026-07-25,provisions,341894,taxa ANBIMA/ANBID,,,,242.208333,0.000011319087663347765,,,
21,Fund J,2026-07-25,provisions,330590,taxa CVM,,,,171.863043,0.000008031651205851397,,,
21,Fund J,2026-07-25,provisions,343720,ajuste automático para travar PL/cota de abertura,,,,41.45,0.0000019370769693781132,,,
21,Fund J,2026-07-25,provisions,327595,liquidação de compromissada (ida),,,,0,0,,,
21,Fund J,2026-07-25,provisions,327596,liquidação de compromissada (volta),,,,0,0,,,
21,Fund J,2026-07-25,provisions,321921,taxa SELIC,,,,-22.26,-0.0000010402734219145189,,,
21,Fund J,2026-07-25,provisions,322606,despesa de auditoria,,,,-158.69,-0.000007416037256227088,,,
21,Fund J,2026-07-25,provisions,343716,taxa de custódia,,,,-456.191347,-0.000021319125498269705,,,
21,Fund J,2026-07-25,provisions,322608,taxa CETIP,,,,-459.13,-0.000021456457152004178,,,
21,Fund J,2026-07-25,provisions,335844,taxa de gestão,,,,-2279.896724,-0.00010654609014767212,,,
21,Fund J,2026-07-25,provisions,323450,taxa de administração,,,,-3913.043478,-0.00018286770570347485,,,
21,Fund J,2026-08-11,bonds,55807,210100 vencimento 01/03/2028,71,bond,596,11696916.78,0.24550327872511604,,BRSTNCLF1RI1,Tesouro Nacional
21,Fund J,2026-08-11,bonds,55808,210100 vencimento 01/03/2028,71,bond,409,8026911.01,0.1684745654338464,,BRSTNCLF1RI1,Tesouro Nacional
21,Fund J,2026-08-11,bonds,55809,210100 vencimento 01/03/2028,71,bond,88,1727061.54,0.03624880625471512,,BRSTNCLF1RI1,Tesouro Nacional
21,Fund J,2026-08-11,bonds,55970,OVER @ LFT 01/09/2026,152,overnight,0,0,0,,,Tesouro Nacional
21,Fund J,2026-08-11,cash,19997,BRL,,,,26223889.58,0.5504058028900158,,,
21,Fund J,2026-08-11,provisions,343997,outros/não categorizado,,,,104.69,0.0000021973088061086837,,,
21,Fund J,2026-08-11,provisions,341758,taxa ANBIMA/ANBID,,,,0,0,,,
21,Fund J,2026-08-11,provisions,340027,liquidação de compromissada (volta),,,,0,0,,,
21,Fund J,2026-08-11,provisions,340839,liquidação de compromissada (ida),,,,0,0,,,
21,Fund J,2026-08-11,provisions,340889,cotização de aplicação no fundo,,,,0,0,,,
21,Fund J,2026-08-11,provisions,344964,taxa CVM,,,,0,0,,,
21,Fund J,2026-08-11,provisions,344728,taxa SELIC,,,,-116.48,-0.000002444765782171549,,,
21,Fund J,2026-08-11,provisions,340010,despesa de auditoria,,,,-245.21,-0.0000051466433503286885,,,
21,Fund J,2026-08-11,provisions,344720,taxa CETIP,,,,-480,-0.000010074584267190451,,,
21,Fund J,2026-08-11,provisions,344948,taxa de custódia,,,,-952.895366,-0.000020000051380379763,,,
21,Fund J,2026-08-11,provisions,340022,taxa de administração,,,,-2619.047619,-0.000054970449869583355,,,
21,Fund J,2026-08-11,provisions,340012,taxa de gestão,,,,-4764.476815,-0.00010000025658706806,,,
21,Fund J,2026-08-11,provisions,340026,imposto de resgate do fundo,,,,-21059.59,-0.00044201377934891944,,,
12,Fund B,2025-12-01,funds,96,Fund A,70,fund,167721342.02446318,188710129.97,1.0011786833033616,,,Fund A
12,Fund B,2025-12-01,bonds,92,OVER @ NTNB 15/08/2028,92,overnight,8,32277.83,0.0001712461082217622,,,Tesouro Nacional
12,Fund B,2025-12-01,cash,12,BRL,,,,0,0,,,
12,Fund B,2025-12-01,provisions,117,liquidação de compra/venda de cotas de fundos,,,,1852535.1,0.009828400056984944,,,
12,Fund B,2025-12-01,provisions,127,taxa CVM,,,,8559.43,0.000045411016665626815,,,
12,Fund B,2025-12-01,provisions,125,taxa ANBIMA/ANBID,,,,250.91,0.0000013311725420468915,,,
12,Fund B,2025-12-01,provisions,115,liquidação de compromissada (ida),,,,0,0,,,
12,Fund B,2025-12-01,provisions,124,ajuste de saldo em conta,,,,0,0,,,
12,Fund B,2025-12-01,provisions,780,ajuste automático para travar PL/cota,,,,-0.06,-3.1832271540717184e-10,,,
12,Fund B,2025-12-01,provisions,121,taxa SELIC,,,,-21.83,-1.1581641462230936e-7,,,
12,Fund B,2025-12-01,provisions,126,despesa de auditoria,,,,-1146.2,-0.000006081024939995006,,,
12,Fund B,2025-12-01,provisions,120,taxa CETIP,,,,-4071.87,-0.000021602811919750014,,,
12,Fund B,2025-12-01,provisions,119,taxa de custódia,,,,-7521.55,-0.00003990467033451356,,,
12,Fund B,2025-12-01,provisions,118,taxa de administração,,,,-141967.5,-0.0007531913349927945,,,
12,Fund B,2025-12-01,provisions,122,outros/não categorizado,,,,-1961061.87,-0.010404175658997771,,,
12,Fund B,2025-12-31,funds,1229,Fund A,70,fund,165888729.3157082,188251221.78,1.001422322215741,,,Fund A
12,Fund B,2025-12-31,cash,2293,BRL,,,,3346.77,0.000017803497653667406,,,
12,Fund B,2025-12-31,provisions,22272,liquidação de compra/venda de cotas de fundos,,,,1852535.1,0.00985475676732686,,,
12,Fund B,2025-12-31,provisions,27065,taxa CVM,,,,6879.55,0.000036596495212783554,,,
12,Fund B,2025-12-31,provisions,27686,taxa ANBIMA/ANBID,,,,547.72,0.0000029136545788526584,,,
12,Fund B,2025-12-31,provisions,27696,ajuste automático para travar PL/cota,,,,-0.5,-2.659802982228747e-9,,,
12,Fund B,2025-12-31,provisions,27064,taxa SELIC,,,,-61.38,-3.2651741409840096e-7,,,
12,Fund B,2025-12-31,provisions,27704,despesa de auditoria,,,,-1274.92,-0.000006782072036206148,,,
12,Fund B,2025-12-31,provisions,27702,taxa CETIP,,,,-3934.84,-0.000020931798333185925,,,
12,Fund B,2025-12-31,provisions,27687,taxa de custódia,,,,-8267.37,-0.00004397915076237695,,,
12,Fund B,2025-12-31,provisions,27703,outros/não categorizado,,,,-8267.37,-0.00004397915076237695,,,
12,Fund B,2025-12-31,provisions,27685,taxa de administração,,,,-148188.26,-0.0007883031517585779,,,
12,Fund B,2025-12-31,provisions,28792,pagamento de dividendo ao investidor,,,,-1960688.1,-0.01043008811120083,,,
12,Fund B,2026-01-30,funds,6632,Fund A,70,fund,165745237.4234402,192247135.14,1.0013825254332414,,,Fund A
12,Fund B,2026-01-30,cash,2488,BRL,,,,463.73,0.000002415490447596195,,,
12,Fund B,2026-01-30,provisions,85785,taxa CVM,,,,5199.66,0.000027084141765139267,,,
12,Fund B,2026-01-30,provisions,62078,taxa ANBIMA/ANBID,,,,188.28,9.807183953451612e-7,,,
12,Fund B,2026-01-30,provisions,85696,ajuste de PL,,,,0.38,1.9793551637516533e-9,,,
12,Fund B,2026-01-30,provisions,85784,taxa SELIC,,,,-72.21,-3.7612956940659704e-7,,,
12,Fund B,2026-01-30,provisions,62085,despesa de auditoria,,,,-1403.63,-0.000007311269180254561,,,
12,Fund B,2026-01-30,provisions,85783,taxa CETIP,,,,-3937.94,-0.000020512057561958383,,,
12,Fund B,2026-01-30,provisions,62091,Taxa de escrituração,,,,-7914.990713,-0.00004122783615479718,,,
12,Fund B,2026-01-30,provisions,85572,taxa de custódia,,,,-7915.115244,-0.00004122848481552849,,,
12,Fund B,2026-01-30,provisions,62083,liquidação de compra/venda de cotas de fundos,,,,-108153,-0.000563350523750612,,,
12,Fund B,2026-01-30,provisions,85571,taxa de administração,,,,-141874.759019,-0.0007390014128165239,,,
12,Fund B,2026-03-01,funds,13251,Fund A,70,fund,163918977.09756917,190998947.8,1.0117034097341453,,,Fund A
12,Fund B,2026-03-01,cash,3668,BRL,,,,345.9,0.0000018321996715633404,,,
12,Fund B,2026-03-01,provisions,141314,taxa CVM,,,,3759.75,0.000019915041096155736,,,
12,Fund B,2026-03-01,provisions,139201,taxa ANBIMA/ANBID,,,,0,0,,,
12,Fund B,2026-03-01,provisions,142116,ajuste de PL,,,,-0.31,-1.642040757978131e-9,,,
12,Fund B,2026-03-01,provisions,141313,taxa SELIC,,,,-101.85,-5.394898425808795e-7,,,
12,Fund B,2026-03-01,provisions,139208,despesa de auditoria,,,,-1513.96,-0.00000801930330951152,,,
12,Fund B,2026-03-01,provisions,139209,Taxa de escrituração,,,,-6789.435259,-0.00003596299812558648,,,
12,Fund B,2026-03-01,provisions,142111,taxa de custódia,,,,-6789.735259,-0.00003596458719728775,,,
12,Fund B,2026-03-01,provisions,141312,taxa CETIP,,,,-7849.91,-0.00004158023279503262,,,
12,Fund B,2026-03-01,provisions,139206,liquidação de compra/venda de cotas de fundos,,,,-108153,-0.0005728762390245446,,,
12,Fund B,2026-03-01,provisions,139214,taxa de administração,,,,-121699.83575,-0.0006446325501314324,,,
12,Fund B,2026-03-01,provisions,147575,outros/não categorizado,,,,-1960688.1,-0.010385579915750651,,,
12,Fund B,2026-03-31,funds,21564,Fund A,70,fund,162026637.7421322,188660584.56,1.0009429790896012,,,Fund A
12,Fund B,2026-03-31,cash,6236,BRL,,,,4794.95,0.000025439715184246015,,,
12,Fund B,2026-03-31,provisions,205576,taxa CVM,,,,1999.87,0.000010610355312467924,,,
12,Fund B,2026-03-31,provisions,204353,taxa ANBIMA/ANBID,,,,515.2,0.0000027334051998297262,,,
12,Fund B,2026-03-31,provisions,204905,ajuste de PL,,,,-0.21,-1.1141597281914646e-9,,,
12,Fund B,2026-03-31,provisions,205575,taxa SELIC,,,,-110.97,-5.887538335114611e-7,,,
12,Fund B,2026-03-31,provisions,204342,despesa de auditoria,,,,-1137.93,-0.000006037313235718634,,,
12,Fund B,2026-03-31,provisions,205574,taxa CETIP,,,,-5950.51,-0.00003157056478190758,,,
12,Fund B,2026-03-31,provisions,204343,Taxa de escrituração,,,,-15033.873321,-0.00007976255339519176,,,
12,Fund B,2026-03-31,provisions,204344,taxa de custódia,,,,-15034.233321,-0.00007976446338329723,,,
12,Fund B,2026-03-31,provisions,204347,taxa de administração,,,,-147777.687166,-0.0007840378465030182,,,
12,Fund B,2026-04-30,funds,28784,Fund A,70,fund,160437680.57324517,185108413.75,1.0008874691556324,,,Fund A
12,Fund B,2026-04-30,cash,8376,BRL,,,,0,0,,,
12,Fund B,2026-04-30,provisions,261607,taxa CVM,,,,399.97,0.0000021626513508408483,,,
12,Fund B,2026-04-30,provisions,259319,taxa ANBIMA/ANBID,,,,147.2,7.959153907637395e-7,,,
12,Fund B,2026-04-30,provisions,259726,ajuste de PL,,,,-0.74,-4.001205089437277e-9,,,
12,Fund B,2026-04-30,provisions,261309,taxa SELIC,,,,-96.88,-5.238334446820046e-7,,,
12,Fund B,2026-04-30,provisions,259312,despesa de auditoria,,,,-1179.42,-0.00000637716392781637,,,
12,Fund B,2026-04-30,provisions,259313,Taxa de escrituração,,,,-7411.558569,-0.00004007454846884495,,,
12,Fund B,2026-04-30,provisions,259316,taxa de custódia,,,,-7411.918569,-0.00004007649500105063,,,
12,Fund B,2026-04-30,provisions,261308,taxa CETIP,,,,-15727.55,-0.00008503939608699898,,,
12,Fund B,2026-04-30,provisions,259315,taxa de administração,,,,-132851.455359,-0.0007183323234075407,,,
12,Fund B,2026-05-30,funds,35256,Fund A,70,fund,160437680.57324517,185553079.61,1.00172022579243,,,Fund A
12,Fund B,2026-05-30,cash,9903,BRL,,,,0,0,,,
12,Fund B,2026-05-30,provisions,274196,ajuste de PL,,,,0.35,1.889497494520276e-9,,,
12,Fund B,2026-05-30,provisions,278123,taxa SELIC,,,,-106.12,-5.728956403385476e-7,,,
12,Fund B,2026-05-30,provisions,273354,despesa de auditoria,,,,-1220.914672,-0.000006591186325048698,,,
12,Fund B,2026-05-30,provisions,273349,Taxa de escrituração,,,,-14740.786336,-0.00007957908242608777,,,
12,Fund B,2026-05-30,provisions,273352,taxa de custódia,,,,-14741.146336,-0.00007958102590922498,,,
12,Fund B,2026-05-30,provisions,278122,taxa CETIP,,,,-23612.44,-0.0001274732749128867,,,
12,Fund B,2026-05-30,provisions,273351,taxa de administração,,,,-264223.995408,-0.0014264302209015796,,,
12,Fund B,2026-06-29,funds,43313,Fund A,70,fund,160437680.57324517,187846276.35,1.0025206861890896,,,Fund A
12,Fund B,2026-06-29,cash,13381,BRL,,,,0,0,,,
12,Fund B,2026-06-29,provisions,298554,ajuste de PL,,,,0.18,9.606457313050648e-10,,,
12,Fund B,2026-06-29,provisions,296768,taxa SELIC,,,,-99.68,-5.31984258313827e-7,,,
12,Fund B,2026-06-29,provisions,295947,despesa de auditoria,,,,-1198.979345,-0.000006398857720539959,,,
12,Fund B,2026-06-29,provisions,295942,Taxa de escrituração,,,,-22146.176976,-0.00011819239098178283,,,
12,Fund B,2026-06-29,provisions,295945,taxa de custódia,,,,-22146.536976,-0.00011819431227324544,,,
12,Fund B,2026-06-29,provisions,296767,taxa CETIP,,,,-29757.92,-0.00015881566011398675,,,
12,Fund B,2026-06-29,provisions,295944,taxa de administração,,,,-396961.858059,-0.00211855396908503,,,
12,Fund B,2026-07-29,funds,52131,Fund A,70,fund,160100498.28866118,189889925.71,1.000753697627094,,,Fund A
12,Fund B,2026-07-29,cash,16967,BRL,,,,1759.39,0.000009272298367047523,,,
12,Fund B,2026-07-29,provisions,317838,taxa CVM,,,,28543.74,0.00015043058889241675,,,
12,Fund B,2026-07-29,provisions,316949,despesa de auditoria,,,,4828.948515,0.000025449417940417453,,,
12,Fund B,2026-07-29,provisions,317839,taxa ANBIMA/ANBID,,,,970.18,0.00000511302123448591,,,
12,Fund B,2026-07-29,provisions,322280,ajuste de PL,,,,0.22,1.159439146948917e-9,,,
12,Fund B,2026-07-29,provisions,317837,taxa SELIC,,,,-9.67,-5.096262068634558e-8,,,
12,Fund B,2026-07-29,provisions,316944,taxa de custódia,,,,-7863.985528,-0.00004144460305546795,,,
12,Fund B,2026-07-29,provisions,317435,Taxa de escrituração,,,,-7863.985528,-0.00004144460305546795,,,
12,Fund B,2026-07-29,provisions,317836,taxa CETIP,,,,-22418.81,-0.00011815111791822659,,,
12,Fund B,2026-07-29,provisions,316946,taxa de administração,,,,-140957.828105,-0.0007428728362446968,,,
12,Fund B,2026-08-11,funds,55870,Fund A,70,fund,160100498.28866118,191798152.34,1.0012527209570656,,,Fund A
12,Fund B,2026-08-11,cash,19661,BRL,,,,1759.39,0.00000918462458175434,,,
12,Fund B,2026-08-11,provisions,340825,taxa CVM,,,,27576.16,0.0001439570970656823,,,
12,Fund B,2026-08-11,provisions,340121,despesa de auditoria,,,,4690.819913,0.000024487703057038268,,,
12,Fund B,2026-08-11,provisions,340826,taxa ANBIMA/ANBID,,,,702.55,0.000003667554095403243,,,
12,Fund B,2026-08-11,provisions,340824,taxa SELIC,,,,-11.03,-5.758041658572026e-8,,,
12,Fund B,2026-08-11,provisions,340134,Taxa de escrituração,,,,-2642.333313,-0.000013793894190468393,,,
12,Fund B,2026-08-11,provisions,340823,taxa CETIP,,,,-9686.66,-0.000050567716965025664,,,
12,Fund B,2026-08-11,provisions,340117,taxa de custódia,,,,-19876.689392,-0.00010376319633148929,,,
12,Fund B,2026-08-11,provisions,340118,taxa de administração,,,,-242481.156426,-0.0012658355395463537,,,
13,Fund C,2026-01-30,bonds,10752,OVER @ LTN 01/10/2027,73,overnight,29395,23864796.29,0.5375730150217203,,,Tesouro Nacional
13,Fund C,2026-01-30,private_bonds,10761,25H02413363 - CPR PRE,142,bond,1,20594419.21,0.4639052389596219,,,AGROMY SOLUCOES EMPRESARIAIS LTDA
13,Fund C,2026-01-30,cash,2901,BRL,,,,0,0,,,
13,Fund C,2026-01-30,provisions,133949,liquidação de compromissada (ida),,,,0,0,,,
13,Fund C,2026-01-30,provisions,134151,ajuste de saldo em conta,,,,0,0,,,
13,Fund C,2026-01-30,provisions,134154,taxa de administração,,,,-14000,-0.00031536084020957936,,,
13,Fund C,2026-01-30,provisions,134155,taxa de gestão,,,,-51625,-0.0011628930982728238,,,
13,Fund C,2026-03-01,bonds,13864,OVER @ NTNB 15/08/2028,92,overnight,0,0,0,,,Tesouro Nacional
13,Fund C,2026-03-01,bonds,14041,OVER @ NTNB 15/05/2033,111,overnight,2794,11893806.02,0.2668098685159179,,,Tesouro Nacional
13,Fund C,2026-03-01,private_bonds,13249,25H02413363 - CPR PRE,142,bond,1,32749652.89,0.7346622743955588,,,AGROMY SOLUCOES EMPRESARIAIS LTDA
13,Fund C,2026-03-01,cash,4124,BRL,,,,0.09,2.0189406255263146e-9,,,
13,Fund C,2026-03-01,provisions,140788,liquidação de compromissada (volta),,,,0,0,,,
13,Fund C,2026-03-01,provisions,141278,liquidação de compromissada (ida),,,,0,0,,,
13,Fund C,2026-03-01,provisions,147788,imposto,,,,0,0,,,
13,Fund C,2026-03-01,provisions,147789,ajuste de PL,,,,-0.03,-6.729802085087716e-10,,,
13,Fund C,2026-03-01,provisions,139199,taxa de administração,,,,-14000.000004,-0.0003140574307271574,,,
13,Fund C,2026-03-01,provisions,139200,taxa de gestão,,,,-51625.000008,-0.0011580867756549726,,,
13,Fund C,2026-03-31,bonds,21706,OVER @ LTN 01/01/2030,150,overnight,0,0,0,,,Tesouro Nacional
13,Fund C,2026-03-31,bonds,22024,OVER @ NTNB 15/05/2033,111,overnight,2829,11937709.99,0.266322310639075,,,Tesouro Nacional
13,Fund C,2026-03-31,private_bonds,21562,25H02413363 - CPR PRE,142,bond,1,32952210.56,0.7351417369120444,,,AGROMY SOLUCOES EMPRESARIAIS LTDA
13,Fund C,2026-03-31,cash,6524,BRL,,,,0,0,,,
13,Fund C,2026-03-31,provisions,204719,liquidação de compromissada (volta),,,,0,0,,,
13,Fund C,2026-03-31,provisions,205633,liquidação de compromissada (ida),,,,0,0,,,
13,Fund C,2026-03-31,provisions,207987,ajuste de PL,,,,0,0,,,
13,Fund C,2026-03-31,provisions,207988,imposto de títulos de renda fixa,,,,0,0,,,
13,Fund C,2026-03-31,provisions,204333,taxa de administração,,,,-13999.919992,-0.00031232883392781207,,,
13,Fund C,2026-03-31,provisions,204334,taxa de gestão,,,,-51624.979998,-0.0011517187107880412,,,
13,Fund C,2026-04-30,bonds,28889,OVER @ LFT 01/03/2027,148,overnight,0,0,0,,,Tesouro Nacional
13,Fund C,2026-04-30,bonds,29410,OVER @ LFT 01/03/2027,148,overnight,634,11970421.28,0.26576861038151023,,,Tesouro Nacional
13,Fund C,2026-04-30,private_bonds,28782,25H02413363 - CPR PRE,142,bond,1,33135967.8,0.7356884030906964,,,AGROMY SOLUCOES EMPRESARIAIS LTDA
13,Fund C,2026-04-30,cash,8555,BRL,,,,0,0,,,
13,Fund C,2026-04-30,provisions,259670,liquidação de compromissada (volta),,,,0,0,,,
13,Fund C,2026-04-30,provisions,261319,liquidação de compromissada (ida),,,,0,0,,,
13,Fund C,2026-04-30,provisions,261779,imposto de títulos de renda fixa,,,,0,0,,,
13,Fund C,2026-04-30,provisions,259306,taxa de administração,,,,-14000,-0.0003108295404388264,,,
13,Fund C,2026-04-30,provisions,259307,taxa de gestão,,,,-51625,-0.0011461839303681723,,,
13,Fund C,2026-05-30,bonds,35367,OVER @ LTN 01/04/2027,144,overnight,0,0,0,,,Tesouro Nacional
13,Fund C,2026-05-30,bonds,35368,OVER @ NTNB 15/08/2050,204,overnight,0,0,0,,,Tesouro Nacional
13,Fund C,2026-05-30,bonds,36604,OVER @ NTNB 15/08/2040,177,overnight,2913,11968436.54,0.2646226599839101,,,Tesouro Nacional
13,Fund C,2026-05-30,private_bonds,35254,25H02413363 - CPR PRE,142,bond,1,33314573.72,0.7365866948743898,,,AGROMY SOLUCOES EMPRESARIAIS LTDA
13,Fund C,2026-05-30,cash,11569,BRL,,,,0,0,,,
13,Fund C,2026-05-30,provisions,281714,taxa CVM,,,,11345.92,0.00025085879181134654,,,
13,Fund C,2026-05-30,provisions,273664,liquidação de compromissada (volta),,,,0,0,,,
13,Fund C,2026-05-30,provisions,273666,imposto,,,,0,0,,,
13,Fund C,2026-05-30,provisions,279857,liquidação de compromissada (ida),,,,0,0,,,
13,Fund C,2026-05-30,provisions,281716,ajuste de saldo em conta,,,,0,0,,,
13,Fund C,2026-05-30,provisions,273341,taxa ANBIMA/ANBID,,,,-418,-0.000009241998443241521,,,
13,Fund C,2026-05-30,provisions,273343,taxa de administração,,,,-14000,-0.0003095406177162232,,,
13,Fund C,2026-05-30,provisions,273344,taxa de gestão,,,,-51625,-0.001141431027828573,,,
13,Fund C,2026-06-29,funds,44348,Fund J,213,fund,11730252.5,11747662.54,0.354752583358044,,,Fund J
13,Fund C,2026-06-29,bonds,43474,OVER @ LFT 01/06/2032,192,overnight,0,0,0,,,Tesouro Nacional
13,Fund C,2026-06-29,bonds,43760,OVER @ NTNB 15/05/2029,105,overnight,58,254753.38,0.0076929703558160645,,,Tesouro Nacional
13,Fund C,2026-06-29,private_bonds,43311,25H02413363 - CPR PRE,142,bond,1,21175080.68,0.6394390838788764,,,AGROMY SOLUCOES EMPRESARIAIS LTDA
13,Fund C,2026-06-29,cash,13870,BRL,,,,508.06,0.000015342251862915706,,,
13,Fund C,2026-06-29,provisions,296286,liquidação de compromissada (volta),,,,0,0,,,
13,Fund C,2026-06-29,provisions,296816,liquidação de compromissada (ida),,,,0,0,,,
13,Fund C,2026-06-29,provisions,295932,taxa ANBIMA/ANBID,,,,-418,-0.000012622645511748148,,,
13,Fund C,2026-06-29,provisions,295934,taxa de administração,,,,-13333.22334,-0.0004026328989229346,,,
13,Fund C,2026-06-29,provisions,295935,taxa de gestão,,,,-49166.77666,-0.0014847243845322311,,,
13,Fund C,2026-07-29,funds,52130,Fund J,213,fund,11730252.5,11879097.32,0.3547903398497092,,,Fund J
13,Fund C,2026-07-29,bonds,52283,OVER @ NTNB 15/08/2028,92,overnight,0,0,0,,,Tesouro Nacional
13,Fund C,2026-07-29,bonds,52573,OVER @ LFT 01/09/2026,152,overnight,1347,26314728.83,0.7859361137948985,,,Tesouro Nacional
13,Fund C,2026-07-29,private_bonds,52128,25H02413363 - CPR PRE,142,bond,1,21293163,0.6359581315649401,,,AGROMY SOLUCOES EMPRESARIAIS LTDA
13,Fund C,2026-07-29,cash,16623,BRL,,,,-25945468.48,-0.7749074975992362,,,
13,Fund C,2026-07-29,provisions,316936,taxa ANBIMA/ANBID,,,,418,0.000012484312404926006,,,
13,Fund C,2026-07-29,provisions,317252,liquidação de compromissada (volta),,,,0,0,,,
13,Fund C,2026-07-29,provisions,317860,liquidação de compromissada (ida),,,,0,0,,,
13,Fund C,2026-07-29,provisions,316940,taxa de administração,,,,-12782.608692,-0.0003817753116288292,,,
13,Fund C,2026-07-29,provisions,316941,taxa de gestão,,,,-47135.869557,-0.0014077964617881082,,,
13,Fund C,2026-08-11,funds,55869,Fund J,213,fund,11730252.5,11912853.47,0.35432760580259054,,,Fund J
13,Fund C,2026-08-11,bonds,56050,OVER @ NTNB 15/05/2031,175,overnight,0,0,0,,,Tesouro Nacional
13,Fund C,2026-08-11,private_bonds,55867,25H02413363 - CPR PRE,142,bond,1,21344536.28,0.634857001820172,,,AGROMY SOLUCOES EMPRESARIAIS LTDA
13,Fund C,2026-08-11,cash,19714,BRL,,,,385708.46,0.01147224344842273,,,
13,Fund C,2026-08-11,provisions,341260,liquidação de compromissada (volta),,,,0,0,,,
13,Fund C,2026-08-11,provisions,340110,taxa ANBIMA/ANBID,,,,-209,-0.000006216350247335385,,,
13,Fund C,2026-08-11,provisions,340113,taxa de administração,,,,-4666.666669,-0.0001388020789572725,,,
13,Fund C,2026-08-11,provisions,340114,taxa de gestão,,,,-17208.333331,-0.0005118326658296249,,,
14,Fund D,2026-04-15,funds,25222,Fund E,155,fund,15000,18004275.08,0.9972971975508368,,BR0M7GCTF007,
14,Fund D,2026-04-15,funds,25223,TESOURO SELIC FI RF,154,fund,9050.63056076,48732.89,0.002699424034309452,,BRCSH4CTF005,TESOURO SELIC FI RF
14,Fund D,2026-04-15,cash,8426,BRL,,,,0,0,,,
14,Fund D,2026-04-15,provisions,259956,Taxa de escrituração,,,,8062.24,0.00044658556491771135,,,
14,Fund D,2026-04-15,provisions,259953,taxa CETIP,,,,626.76,0.000034717642822320445,,,
14,Fund D,2026-04-15,provisions,259952,taxa ANBIMA/ANBID,,,,18.23,0.000001009800607331198,,,
14,Fund D,2026-04-15,provisions,259954,taxa SELIC,,,,1.62,8.97354352099035e-8,,,
14,Fund D,2026-04-15,provisions,259942,liquidação de compra/venda de cotas de fundos,,,,0,0,,,
14,Fund D,2026-04-15,provisions,259955,despesa de auditoria,,,,-657.52,-0.000036421508246429476,,,
14,Fund D,2026-04-15,provisions,259957,taxa de administração,,,,-7990.34,-0.00044260286257722243,,,
14,Fund D,2026-05-15,funds,32159,Fund E,155,fund,15000,18007187.46,0.9981929158456848,,BR0M7GCTF007,
14,Fund D,2026-05-15,funds,32158,TESOURO SELIC FI RF,154,fund,4647.94911116,25294.31,0.0014021399097690372,,BRCSH4CTF005,TESOURO SELIC FI RF
14,Fund D,2026-05-15,cash,10954,BRL,,,,0,0,,,
14,Fund D,2026-05-15,provisions,277411,outros/não categorizado,,,,8350.99,0.0004629206575543096,,,
14,Fund D,2026-05-15,provisions,276510,taxa CVM,,,,6945.066733,0.0003849860745610904,,,
14,Fund D,2026-05-15,provisions,267526,taxa CETIP,,,,656.605714,0.00003639764254044094,,,
14,Fund D,2026-05-15,provisions,275452,taxa ANBIMA/ANBID,,,,124.292683,0.0000068899197033584464,,,
14,Fund D,2026-05-15,provisions,267527,taxa SELIC,,,,0.077143,4.276270033338814e-9,,,
14,Fund D,2026-05-15,provisions,268308,liquidação de compra/venda de cotas de fundos,,,,0,0,,,
14,Fund D,2026-05-15,provisions,277413,ajuste de PL,,,,-0.01,-5.543302740804499e-10,,,
14,Fund D,2026-05-15,provisions,267528,despesa de auditoria,,,,-781.58,-0.000043325345561579795,,,
14,Fund D,2026-05-15,provisions,267530,taxa de administração,,,,-7990.34,-0.00044292873621959813,,,
14,Fund D,2026-06-14,funds,38968,Fund E,155,fund,15000,18008733.06,0.9991306380476199,,BR0M7GCTF007,
14,Fund D,2026-06-14,funds,38967,TESOURO SELIC FI RF,154,fund,1737.32539377,9549.67,0.0005298188422991646,,BRCSH4CTF005,TESOURO SELIC FI RF
14,Fund D,2026-06-14,cash,11953,BRL,,,,0,0,,,
14,Fund D,2026-06-14,provisions,288618,outros/não categorizado,,,,7368.23,0.0004087919076069427,,,
14,Fund D,2026-06-14,provisions,285111,taxa CVM,,,,6406.469721,0.0003554331200673307,,,
14,Fund D,2026-06-14,provisions,285112,taxa CETIP,,,,59.691429,0.0000033117007922790655,,,
14,Fund D,2026-06-14,provisions,285110,taxa ANBIMA/ANBID,,,,33.463415,0.000001856561650883968,,,
14,Fund D,2026-06-14,provisions,285113,taxa SELIC,,,,0.506234,2.80860345775706e-8,,,
14,Fund D,2026-06-14,provisions,285109,despesa de auditoria,,,,-899.44,-0.00004990123725480727,,,
14,Fund D,2026-06-14,provisions,285116,taxa de administração,,,,-6848.862858,-0.00037997724184236345,,,
14,Fund D,2026-07-14,funds,47553,Fund E,155,fund,15000,18012513.21,0.9730714835069121,,BR0M7GCTF007,
14,Fund D,2026-07-14,funds,47552,TESOURO SELIC FI RF,154,fund,37821.949759,210184.57,0.011354585190195363,,BRCSH4CTF005,TESOURO SELIC FI RF
14,Fund D,2026-07-14,cash,16840,BRL,,,,283535.64,0.015317154391633394,,,
14,Fund D,2026-07-14,provisions,305651,outros/não categorizado,,,,13134.04,0.0007095267405039051,,,
14,Fund D,2026-07-14,provisions,305655,taxa SELIC,,,,0,0,,,
14,Fund D,2026-07-14,provisions,321868,taxa CETIP,,,,0,0,,,
14,Fund D,2026-07-14,provisions,305652,taxa CVM,,,,-396.858924,-0.000021439101661454282,,,
14,Fund D,2026-07-14,provisions,305649,despesa de auditoria,,,,-1035.86,-0.000055959199866787004,,,
14,Fund D,2026-07-14,provisions,305656,taxa de administração,,,,-6948.12174,-0.0003753512377613074,,,
14,Fund D,2026-08-11,funds,55865,Fund E,155,fund,15000,18016578.73,0.9734423200559306,,BR0M7GCTF007,
14,Fund D,2026-08-11,funds,55864,TESOURO SELIC FI RF,154,fund,13774.86964482,77347.92,0.004179136041280682,,BRCSH4CTF005,TESOURO SELIC FI RF
14,Fund D,2026-08-11,cash,19637,BRL,,,,402321.76,0.02173759143857144,,,
14,Fund D,2026-08-11,provisions,340105,outros/não categorizado,,,,13134.04,0.0007096369718054893,,,
14,Fund D,2026-08-11,provisions,340106,taxa CVM,,,,5215.886853,0.0002818162691481816,,,
14,Fund D,2026-08-11,provisions,340107,taxa SELIC,,,,-0.36,-1.9450931309024196e-8,,,
14,Fund D,2026-08-11,provisions,340103,despesa de auditoria,,,,-1159.86,-0.00006266765885579112,,,
14,Fund D,2026-08-11,provisions,340109,taxa de administração,,,,-5326.893334,-0.00028781398980592466,,,
