fund_id,fund_name,series_type,series_name,date,accrued_return_pct
19,Fund H,fund,Fund H,2026-02-04,100
19,Fund H,fund,Fund H,2026-02-05,95.545492063
19,Fund H,fund,Fund H,2026-02-06,95.571244882
19,Fund H,fund,Fund H,2026-02-09,95.598063711
19,Fund H,fund,Fund H,2026-02-10,95.62481861
19,Fund H,fund,Fund H,2026-02-11,95.651602408
19,Fund H,fund,Fund H,2026-02-12,95.678516037
19,Fund H,fund,Fund H,2026-02-13,95.705356322
19,Fund H,fund,Fund H,2026-02-18,95.732224631
19,Fund H,fund,Fund H,2026-02-19,95.759213793
19,Fund H,fund,Fund H,2026-02-20,95.786294472
19,Fund H,fund,Fund H,2026-02-23,95.78223908
19,Fund H,fund,Fund H,2026-02-24,95.809220142
19,Fund H,fund,Fund H,2026-02-25,95.836386426
19,Fund H,fund,Fund H,2026-02-26,95.86358139
19,Fund H,fund,Fund H,2026-02-27,95.890799124
19,Fund H,fund,Fund H,2026-03-02,95.922320088
19,Fund H,fund,Fund H,2026-03-03,95.953918555
19,Fund H,fund,Fund H,2026-03-04,95.985440832
19,Fund H,fund,Fund H,2026-03-05,96.016990914
19,Fund H,fund,Fund H,2026-03-06,96.047631306
19,Fund H,fund,Fund H,2026-03-09,96.079009124
19,Fund H,fund,Fund H,2026-03-10,96.110447216
19,Fund H,fund,Fund H,2026-03-11,96.141749319
19,Fund H,fund,Fund H,2026-03-12,96.17293765
19,Fund H,fund,Fund H,2026-03-13,96.204310555
19,Fund H,fund,Fund H,2026-03-16,96.235568352
19,Fund H,fund,Fund H,2026-03-17,95.278614341
19,Fund H,fund,Fund H,2026-03-18,95.309530153
19,Fund H,fund,Fund H,2026-03-19,95.340320837
19,Fund H,fund,Fund H,2026-03-20,95.32008071
19,Fund H,fund,Fund H,2026-03-23,95.350063632
19,Fund H,fund,Fund H,2026-03-24,95.329823504
19,Fund H,fund,Fund H,2026-03-25,95.35982357
19,Fund H,fund,Fund H,2026-03-26,95.389850131
19,Fund H,fund,Fund H,2026-03-27,95.419902964
19,Fund H,fund,Fund H,2026-03-30,95.449982515
19,Fund H,fund,Fund H,2026-03-31,95.480083218
19,Fund H,fund,Fund H,2026-04-01,95.508191233
19,Fund H,fund,Fund H,2026-04-02,95.536325966
19,Fund H,fund,Fund H,2026-04-06,95.564487194
19,Fund H,fund,Fund H,2026-04-07,95.592674917
19,Fund H,fund,Fund H,2026-04-08,95.619956471
19,Fund H,fund,Fund H,2026-04-09,95.904359538
19,Fund H,fund,Fund H,2026-04-10,96.189752512
19,Fund H,fund,Fund H,2026-04-13,96.476138584
19,Fund H,fund,Fund H,2026-04-14,96.763520945
19,Fund H,fund,Fund H,2026-04-15,97.051902559
19,Fund H,fund,Fund H,2026-04-16,97.341286618
19,Fund H,fund,Fund H,2026-04-17,97.631676771
19,Fund H,fund,Fund H,2026-04-20,97.92307598
19,Fund H,fund,Fund H,2026-04-22,98.215487666
19,Fund H,fund,Fund H,2026-04-23,98.508914792
19,Fund H,fund,Fund H,2026-04-24,98.803361007
19,Fund H,fund,Fund H,2026-04-27,99.098829273
19,Fund H,fund,Fund H,2026-04-28,99.395322783
19,Fund H,fund,Fund H,2026-04-29,99.667577045
19,Fund H,fund,Fund H,2026-04-30,99.966131529
19,Fund H,fund,Fund H,2026-05-04,100.26487889
19,Fund H,fund,Fund H,2026-05-05,100.576392969
19,Fund H,fund,Fund H,2026-05-06,100.888944098
19,Fund H,fund,Fund H,2026-05-07,101.202535744
19,Fund H,fund,Fund H,2026-05-08,98.348847316
19,Fund H,fund,Fund H,2026-05-11,98.388246492
19,Fund H,fund,Fund H,2026-05-12,98.427672113
19,Fund H,fund,Fund H,2026-05-13,98.467124068
19,Fund H,fund,Fund H,2026-05-14,98.506602355
19,Fund H,fund,Fund H,2026-05-15,98.546107201
19,Fund H,fund,Fund H,2026-05-18,98.585638379
19,Fund H,fund,Fund H,2026-05-19,98.625196117
19,Fund H,fund,Fund H,2026-05-20,98.664780187
19,Fund H,fund,Fund H,2026-05-21,98.704390702
19,Fund H,fund,Fund H,2026-05-22,98.744027777
19,Fund H,fund,Fund H,2026-05-25,98.783691297
19,Fund H,fund,Fund H,2026-05-26,98.823381376
19,Fund H,fund,Fund H,2026-05-27,98.863098014
19,Fund H,fund,Fund H,2026-05-28,98.902841097
19,Fund H,fund,Fund H,2026-05-29,98.942610853
19,Fund H,fund,Fund H,2026-06-01,98.982945349
19,Fund H,fund,Fund H,2026-06-02,99.023306516
19,Fund H,fund,Fund H,2026-06-03,99.063694243
19,Fund H,fund,Fund H,2026-06-05,99.104108641
19,Fund H,fund,Fund H,2026-06-08,99.144144768
19,Fund H,fund,Fund H,2026-06-09,99.184191143
19,Fund H,fund,Fund H,2026-06-10,99.224264168
19,Fund H,fund,Fund H,2026-06-11,99.264363611
19,Fund H,fund,Fund H,2026-06-12,99.304489704
19,Fund H,fund,Fund H,2026-06-15,99.344595492
19,Fund H,fund,Fund H,2026-06-16,99.384727815
19,Fund H,fund,Fund H,2026-06-17,99.424886672
19,Fund H,fund,Fund H,2026-06-18,99.465072294
19,Fund H,fund,Fund H,2026-06-19,99.504447007
19,Fund H,fund,Fund H,2026-06-22,99.543847447
19,Fund H,fund,Fund H,2026-06-23,99.583273728
19,Fund H,fund,Fund H,2026-06-24,99.622725736
19,Fund H,fund,Fund H,2026-06-25,99.662203702
19,Fund H,fund,Fund H,2026-06-26,99.70170751
19,Fund H,fund,Fund H,2026-06-29,99.741237159
19,Fund H,fund,Fund H,2026-06-30,99.780789997
19,Fund H,fund,Fund H,2026-07-01,99.821326909
19,Fund H,fund,Fund H,2026-07-02,99.861889663
19,Fund H,fund,Fund H,2026-07-03,99.902478374
19,Fund H,fund,Fund H,2026-07-06,99.943093043
19,Fund H,fund,Fund H,2026-07-07,99.983325504
19,Fund H,fund,Fund H,2026-07-08,100.023702985
19,Fund H,fund,Fund H,2026-07-09,100.064106289
19,Fund H,fund,Fund H,2026-07-10,100.104535535
19,Fund H,fund,Fund H,2026-07-13,100.14499084
19,Fund H,fund,Fund H,2026-07-14,100.185471969
19,Fund H,fund,Fund H,2026-07-15,100.225979275
19,Fund H,fund,Fund H,2026-07-16,100.266512404
19,Fund H,fund,Fund H,2026-07-17,100.307071711
19,Fund H,fund,Fund H,2026-07-20,100.347656959
19,Fund H,fund,Fund H,2026-07-21,100.388268267
19,Fund H,fund,Fund H,2026-07-22,100.428905634
19,Fund H,fund,Fund H,2026-07-23,100.469569061
19,Fund H,fund,Fund H,2026-07-24,100.510258666
19,Fund H,fund,Fund H,2026-07-27,100.550974212
19,Fund H,fund,Fund H,2026-07-28,100.591716053
19,Fund H,fund,Fund H,2026-07-29,100.632483836
19,Fund H,fund,Fund H,2026-07-30,100.673277914
19,Fund H,fund,Fund H,2026-07-31,100.714093924
19,Fund H,fund,Fund H,2026-08-03,100.753963658
19,Fund H,fund,Fund H,2026-08-04,100.79385957
19,Fund H,fund,Fund H,2026-08-05,100.833781659
19,Fund H,fund,Fund H,2026-08-06,100.873730043
19,Fund H,fund,Fund H,2026-08-07,-0.167568085
19,Fund H,fund,Fund H,2026-08-10,-0.129693253
19,Fund H,fund,Fund H,2026-08-11,-98.637831037
19,Fund H,benchmark,100% CDI + 0% a.a.,2026-02-04,100
19,Fund H,benchmark,100% CDI + 0% a.a.,2026-02-05,100.05513106415536
19,Fund H,benchmark,100% CDI + 0% a.a.,2026-02-06,100.1102925226511
19,Fund H,benchmark,100% CDI + 0% a.a.,2026-02-09,100.16548439224727
19,Fund H,benchmark,100% CDI + 0% a.a.,2026-02-10,100.22070668970396
19,Fund H,benchmark,100% CDI + 0% a.a.,2026-02-11,100.27595943180076
19,Fund H,benchmark,100% CDI + 0% a.a.,2026-02-12,100.33124263532702
19,Fund H,benchmark,100% CDI + 0% a.a.,2026-02-13,100.3865563170721
19,Fund H,benchmark,100% CDI + 0% a.a.,2026-02-18,100.44190049383515
19,Fund H,benchmark,100% CDI + 0% a.a.,2026-02-19,100.49727518243478
19,Fund H,benchmark,100% CDI + 0% a.a.,2026-02-20,100.55268039968963
19,Fund H,benchmark,100% CDI + 0% a.a.,2026-02-23,100.60811616242812
19,Fund H,benchmark,100% CDI + 0% a.a.,2026-02-24,100.66358248749815
19,Fund H,benchmark,100% CDI + 0% a.a.,2026-02-25,100.71907939173792
19,Fund H,benchmark,100% CDI + 0% a.a.,2026-02-26,100.77460689201484
19,Fund H,benchmark,100% CDI + 0% a.a.,2026-02-27,100.83016500518663
19,Fund H,benchmark,100% CDI + 0% a.a.,2026-03-02,100.88575374814023
19,Fund H,benchmark,100% CDI + 0% a.a.,2026-03-03,100.94137313776264
19,Fund H,benchmark,100% CDI + 0% a.a.,2026-03-04,100.99702319094081
19,Fund H,benchmark,100% CDI + 0% a.a.,2026-03-05,101.05270392459099
19,Fund H,benchmark,100% CDI + 0% a.a.,2026-03-06,101.10841535561968
19,Fund H,benchmark,100% CDI + 0% a.a.,2026-03-09,101.16415750095291
19,Fund H,benchmark,100% CDI + 0% a.a.,2026-03-10,101.21993037752644
19,Fund H,benchmark,100% CDI + 0% a.a.,2026-03-11,101.27573400227605
19,Fund H,benchmark,100% CDI + 0% a.a.,2026-03-12,101.33156839215704
19,Fund H,benchmark,100% CDI + 0% a.a.,2026-03-13,101.38743356413447
19,Fund H,benchmark,100% CDI + 0% a.a.,2026-03-16,101.44332953517339
19,Fund H,benchmark,100% CDI + 0% a.a.,2026-03-17,101.4992563222584
19,Fund H,benchmark,100% CDI + 0% a.a.,2026-03-18,101.55521394237408
19,Fund H,benchmark,100% CDI + 0% a.a.,2026-03-19,101.61120241252452
19,Fund H,benchmark,100% CDI + 0% a.a.,2026-03-20,101.66634298741177
19,Fund H,benchmark,100% CDI + 0% a.a.,2026-03-23,101.7215134850146
19,Fund H,benchmark,100% CDI + 0% a.a.,2026-03-24,101.77671392157575
19,Fund H,benchmark,100% CDI + 0% a.a.,2026-03-25,101.8319443133282
19,Fund H,benchmark,100% CDI + 0% a.a.,2026-03-26,101.88720467653418
19,Fund H,benchmark,100% CDI + 0% a.a.,2026-03-27,101.94249502746571
19,Fund H,benchmark,100% CDI + 0% a.a.,2026-03-30,101.99781538238504
19,Fund H,benchmark,100% CDI + 0% a.a.,2026-03-31,102.05316575758371
19,Fund H,benchmark,100% CDI + 0% a.a.,2026-04-01,102.1085461693435
19,Fund H,benchmark,100% CDI + 0% a.a.,2026-04-02,102.16395663396567
19,Fund H,benchmark,100% CDI + 0% a.a.,2026-04-06,102.21939716776131
19,Fund H,benchmark,100% CDI + 0% a.a.,2026-04-07,102.27486778705122
19,Fund H,benchmark,100% CDI + 0% a.a.,2026-04-08,102.33036850815623
19,Fund H,benchmark,100% CDI + 0% a.a.,2026-04-09,102.38589934741667
19,Fund H,benchmark,100% CDI + 0% a.a.,2026-04-10,102.44146032117287
19,Fund H,benchmark,100% CDI + 0% a.a.,2026-04-13,102.49705144577496
19,Fund H,benchmark,100% CDI + 0% a.a.,2026-04-14,102.55267273759254
19,Fund H,benchmark,100% CDI + 0% a.a.,2026-04-15,102.6083242129855
19,Fund H,benchmark,100% CDI + 0% a.a.,2026-04-16,102.66400588834294
19,Fund H,benchmark,100% CDI + 0% a.a.,2026-04-17,102.71971778005404
19,Fund H,benchmark,100% CDI + 0% a.a.,2026-04-20,102.77545990450794
19,Fund H,benchmark,100% CDI + 0% a.a.,2026-04-22,102.83123227811332
19,Fund H,benchmark,100% CDI + 0% a.a.,2026-04-23,102.88703491728859
19,Fund H,benchmark,100% CDI + 0% a.a.,2026-04-24,102.94286783845217
19,Fund H,benchmark,100% CDI + 0% a.a.,2026-04-27,102.99873105804205
19,Fund H,benchmark,100% CDI + 0% a.a.,2026-04-28,103.05462459249617
19,Fund H,benchmark,100% CDI + 0% a.a.,2026-04-29,103.11054845827198
19,Fund H,benchmark,100% CDI + 0% a.a.,2026-04-30,103.16650267182698
19,Fund H,benchmark,100% CDI + 0% a.a.,2026-05-04,103.22159309674663
19,Fund H,benchmark,100% CDI + 0% a.a.,2026-05-05,103.27671293969574
19,Fund H,benchmark,100% CDI + 0% a.a.,2026-05-06,103.33186221638017
19,Fund H,benchmark,100% CDI + 0% a.a.,2026-05-07,103.38704094251554
19,Fund H,benchmark,100% CDI + 0% a.a.,2026-05-08,103.44224913382722
19,Fund H,benchmark,100% CDI + 0% a.a.,2026-05-11,103.49748680606011
19,Fund H,benchmark,100% CDI + 0% a.a.,2026-05-12,103.55275397494937
19,Fund H,benchmark,100% CDI + 0% a.a.,2026-05-13,103.60805065623988
19,Fund H,benchmark,100% CDI + 0% a.a.,2026-05-14,103.6633768656961
19,Fund H,benchmark,100% CDI + 0% a.a.,2026-05-15,103.71873261909218
19,Fund H,benchmark,100% CDI + 0% a.a.,2026-05-18,103.77411793219258
19,Fund H,benchmark,100% CDI + 0% a.a.,2026-05-19,103.82953282079099
19,Fund H,benchmark,100% CDI + 0% a.a.,2026-05-20,103.88497730068111
19,Fund H,benchmark,100% CDI + 0% a.a.,2026-05-21,103.94045138765667
19,Fund H,benchmark,100% CDI + 0% a.a.,2026-05-22,103.9959550975309
19,Fund H,benchmark,100% CDI + 0% a.a.,2026-05-25,104.05148844612678
19,Fund H,benchmark,100% CDI + 0% a.a.,2026-05-26,104.10705144926732
19,Fund H,benchmark,100% CDI + 0% a.a.,2026-05-27,104.16264412279503
19,Fund H,benchmark,100% CDI + 0% a.a.,2026-05-28,104.21826648254266
19,Fund H,benchmark,100% CDI + 0% a.a.,2026-05-29,104.27391854437225
19,Fund H,benchmark,100% CDI + 0% a.a.,2026-06-01,104.32960032413607
19,Fund H,benchmark,100% CDI + 0% a.a.,2026-06-02,104.38531183770594
19,Fund H,benchmark,100% CDI + 0% a.a.,2026-06-03,104.4410531009634
19,Fund H,benchmark,100% CDI + 0% a.a.,2026-06-05,104.49682412979003
19,Fund H,benchmark,100% CDI + 0% a.a.,2026-06-08,104.5526249400869
19,Fund H,benchmark,100% CDI + 0% a.a.,2026-06-09,104.60845554774534
19,Fund H,benchmark,100% CDI + 0% a.a.,2026-06-10,104.66431596868594
19,Fund H,benchmark,100% CDI + 0% a.a.,2026-06-11,104.72020621882933
19,Fund H,benchmark,100% CDI + 0% a.a.,2026-06-12,104.77612631410587
19,Fund H,benchmark,100% CDI + 0% a.a.,2026-06-15,104.83207627044591
19,Fund H,benchmark,100% CDI + 0% a.a.,2026-06-16,104.88805610379936
19,Fund H,benchmark,100% CDI + 0% a.a.,2026-06-17,104.94406583011609
19,Fund H,benchmark,100% CDI + 0% a.a.,2026-06-18,105.00010546536554
19,Fund H,benchmark,100% CDI + 0% a.a.,2026-06-19,105.0552629976407
19,Fund H,benchmark,100% CDI + 0% a.a.,2026-06-22,105.11044950468674
19,Fund H,benchmark,100% CDI + 0% a.a.,2026-06-23,105.1656650017117
19,Fund H,benchmark,100% CDI + 0% a.a.,2026-06-24,105.22090950395292
19,Fund H,benchmark,100% CDI + 0% a.a.,2026-06-25,105.2761830266477
19,Fund H,benchmark,100% CDI + 0% a.a.,2026-06-26,105.33148558503335
19,Fund H,benchmark,100% CDI + 0% a.a.,2026-06-29,105.38681719436673
19,Fund H,benchmark,100% CDI + 0% a.a.,2026-06-30,105.44217786991442
19,Fund H,benchmark,100% CDI + 0% a.a.,2026-07-01,105.49756762693329
19,Fund H,benchmark,100% CDI + 0% a.a.,2026-07-02,105.55298648070944
19,Fund H,benchmark,100% CDI + 0% a.a.,2026-07-03,105.608434446529
19,Fund H,benchmark,100% CDI + 0% a.a.,2026-07-06,105.6639115396781
19,Fund H,benchmark,100% CDI + 0% a.a.,2026-07-07,105.71941777546239
19,Fund H,benchmark,100% CDI + 0% a.a.,2026-07-08,105.7749531691875
19,Fund H,benchmark,100% CDI + 0% a.a.,2026-07-09,105.83051773616886
19,Fund H,benchmark,100% CDI + 0% a.a.,2026-07-10,105.88611149174137
19,Fund H,benchmark,100% CDI + 0% a.a.,2026-07-13,105.94173445123025
19,Fund H,benchmark,100% CDI + 0% a.a.,2026-07-14,105.99738662997038
19,Fund H,benchmark,100% CDI + 0% a.a.,2026-07-15,106.05306804331623
19,Fund H,benchmark,100% CDI + 0% a.a.,2026-07-16,106.10877870663202
19,Fund H,benchmark,100% CDI + 0% a.a.,2026-07-17,106.16451863527222
19,Fund H,benchmark,100% CDI + 0% a.a.,2026-07-20,106.22028784462053
19,Fund H,benchmark,100% CDI + 0% a.a.,2026-07-21,106.27608635005095
19,Fund H,benchmark,100% CDI + 0% a.a.,2026-07-22,106.33191416695698
19,Fund H,benchmark,100% CDI + 0% a.a.,2026-07-23,106.38777131073209
19,Fund H,benchmark,100% CDI + 0% a.a.,2026-07-24,106.44365779678934
19,Fund H,benchmark,100% CDI + 0% a.a.,2026-07-27,106.49957364053196
19,Fund H,benchmark,100% CDI + 0% a.a.,2026-07-28,106.55551885739251
19,Fund H,benchmark,100% CDI + 0% a.a.,2026-07-29,106.61149346279377
19,Fund H,benchmark,100% CDI + 0% a.a.,2026-07-30,106.66749747217804
19,Fund H,benchmark,100% CDI + 0% a.a.,2026-07-31,106.72353090098763
19,Fund H,benchmark,100% CDI + 0% a.a.,2026-08-03,106.7795937646746
19,Fund H,benchmark,100% CDI + 0% a.a.,2026-08-04,106.83568607871054
19,Fund H,benchmark,100% CDI + 0% a.a.,2026-08-05,106.89180785855727
19,Fund H,benchmark,100% CDI + 0% a.a.,2026-08-06,106.94795911969615
19,Fund H,benchmark,100% CDI + 0% a.a.,2026-08-07,107.00320890212203
19,Fund H,benchmark,100% CDI + 0% a.a.,2026-08-10,107.05848722682688
19,Fund H,benchmark,100% CDI + 0% a.a.,2026-08-11,107.11379410855024
25,Fund N,fund,Fund N,2026-06-30,100
25,Fund N,fund,Fund N,2026-07-01,100
25,Fund N,fund,Fund N,2026-07-02,100
25,Fund N,fund,Fund N,2026-07-03,100
25,Fund N,fund,Fund N,2026-07-06,100
25,Fund N,fund,Fund N,2026-07-07,100
25,Fund N,fund,Fund N,2026-07-14,100
25,Fund N,fund,Fund N,2026-07-15,100
25,Fund N,fund,Fund N,2026-07-16,100
25,Fund N,fund,Fund N,2026-07-17,100
25,Fund N,fund,Fund N,2026-07-20,100
25,Fund N,fund,Fund N,2026-07-21,100
25,Fund N,fund,Fund N,2026-07-22,100
25,Fund N,fund,Fund N,2026-07-23,100
25,Fund N,fund,Fund N,2026-07-24,100
25,Fund N,fund,Fund N,2026-07-27,100
25,Fund N,fund,Fund N,2026-07-28,100
25,Fund N,fund,Fund N,2026-07-29,100
25,Fund N,fund,Fund N,2026-07-30,100
25,Fund N,fund,Fund N,2026-07-31,100
25,Fund N,fund,Fund N,2026-08-03,100
25,Fund N,fund,Fund N,2026-08-04,100
25,Fund N,fund,Fund N,2026-08-05,100
25,Fund N,fund,Fund N,2026-08-06,100
25,Fund N,fund,Fund N,2026-08-07,100
25,Fund N,fund,Fund N,2026-08-10,100
25,Fund N,fund,Fund N,2026-08-11,100
25,Fund N,benchmark,100% CDI + 0% a.a.,2026-06-30,100
25,Fund N,benchmark,100% CDI + 0% a.a.,2026-07-01,100.05253093035236
25,Fund N,benchmark,100% CDI + 0% a.a.,2026-07-02,100.10508945569364
25,Fund N,benchmark,100% CDI + 0% a.a.,2026-07-03,100.15767559052098
25,Fund N,benchmark,100% CDI + 0% a.a.,2026-07-06,100.21028934933156
25,Fund N,benchmark,100% CDI + 0% a.a.,2026-07-07,100.26293074664106
25,Fund N,benchmark,100% CDI + 0% a.a.,2026-07-08,100.31559979696515
25,Fund N,benchmark,100% CDI + 0% a.a.,2026-07-09,100.36829651482876
25,Fund N,benchmark,100% CDI + 0% a.a.,2026-07-10,100.42102091477534
25,Fund N,benchmark,100% CDI + 0% a.a.,2026-07-13,100.47377301133909
25,Fund N,benchmark,100% CDI + 0% a.a.,2026-07-14,100.52655281906347
25,Fund N,benchmark,100% CDI + 0% a.a.,2026-07-15,100.57936035251043
25,Fund N,benchmark,100% CDI + 0% a.a.,2026-07-16,100.63219562625119
25,Fund N,benchmark,100% CDI + 0% a.a.,2026-07-17,100.68505865484774
25,Fund N,benchmark,100% CDI + 0% a.a.,2026-07-20,100.73794945288978
25,Fund N,benchmark,100% CDI + 0% a.a.,2026-07-21,100.79086803495782
25,Fund N,benchmark,100% CDI + 0% a.a.,2026-07-22,100.84381441565085
25,Fund N,benchmark,100% CDI + 0% a.a.,2026-07-23,100.89678860956786
25,Fund N,benchmark,100% CDI + 0% a.a.,2026-07-24,100.94979063132635
25,Fund N,benchmark,100% CDI + 0% a.a.,2026-07-27,101.00282049553459
25,Fund N,benchmark,100% CDI + 0% a.a.,2026-07-28,101.0558782168286
25,Fund N,benchmark,100% CDI + 0% a.a.,2026-07-29,101.10896380983515
25,Fund N,benchmark,100% CDI + 0% a.a.,2026-07-30,101.1620772891995
25,Fund N,benchmark,100% CDI + 0% a.a.,2026-07-31,101.21521866956697
25,Fund N,benchmark,100% CDI + 0% a.a.,2026-08-03,101.26838796559207
25,Fund N,benchmark,100% CDI + 0% a.a.,2026-08-04,101.32158519194786
25,Fund N,benchmark,100% CDI + 0% a.a.,2026-08-05,101.37481036329814
25,Fund N,benchmark,100% CDI + 0% a.a.,2026-08-06,101.42806349432523
25,Fund N,benchmark,100% CDI + 0% a.a.,2026-08-07,101.48046167458098
25,Fund N,benchmark,100% CDI + 0% a.a.,2026-08-10,101.53288692396559
25,Fund N,benchmark,100% CDI + 0% a.a.,2026-08-11,101.5853392564578
22,Fund K,fund,Fund K,2026-06-25,100
22,Fund K,fund,Fund K,2026-06-26,100
22,Fund K,fund,Fund K,2026-06-29,100
22,Fund K,fund,Fund K,2026-06-30,100
22,Fund K,fund,Fund K,2026-07-01,100
22,Fund K,fund,Fund K,2026-07-02,100
22,Fund K,fund,Fund K,2026-07-03,100
22,Fund K,fund,Fund K,2026-07-06,100
22,Fund K,fund,Fund K,2026-07-07,100
22,Fund K,fund,Fund K,2026-07-08,100
22,Fund K,fund,Fund K,2026-07-09,100
22,Fund K,fund,Fund K,2026-07-10,100
22,Fund K,fund,Fund K,2026-07-13,100
22,Fund K,fund,Fund K,2026-07-14,100
22,Fund K,fund,Fund K,2026-07-15,100
22,Fund K,fund,Fund K,2026-07-16,100
22,Fund K,fund,Fund K,2026-07-17,100
22,Fund K,fund,Fund K,2026-07-20,100
22,Fund K,fund,Fund K,2026-07-21,100
22,Fund K,fund,Fund K,2026-07-22,100
22,Fund K,fund,Fund K,2026-07-23,100
22,Fund K,fund,Fund K,2026-07-24,100
22,Fund K,fund,Fund K,2026-07-27,100
22,Fund K,fund,Fund K,2026-07-28,100
22,Fund K,fund,Fund K,2026-07-29,100
22,Fund K,fund,Fund K,2026-07-30,100
22,Fund K,fund,Fund K,2026-07-31,100
22,Fund K,fund,Fund K,2026-08-03,100
22,Fund K,fund,Fund K,2026-08-04,100
22,Fund K,fund,Fund K,2026-08-05,100
22,Fund K,fund,Fund K,2026-08-06,100
22,Fund K,fund,Fund K,2026-08-07,100
22,Fund K,fund,Fund K,2026-08-10,100
22,Fund K,fund,Fund K,2026-08-11,100
22,Fund K,benchmark,100% CDI + 0% a.a.,2026-06-25,100
22,Fund K,benchmark,100% CDI + 0% a.a.,2026-06-26,100.05253093035455
22,Fund K,benchmark,100% CDI + 0% a.a.,2026-06-29,100.10508945569487
22,Fund K,benchmark,100% CDI + 0% a.a.,2026-06-30,100.15767559052242
22,Fund K,benchmark,100% CDI + 0% a.a.,2026-07-01,100.21028934932943
22,Fund K,benchmark,100% CDI + 0% a.a.,2026-07-02,100.2629307466359
22,Fund K,benchmark,100% CDI + 0% a.a.,2026-07-03,100.31559979696186
22,Fund K,benchmark,100% CDI + 0% a.a.,2026-07-06,100.36829651482735
22,Fund K,benchmark,100% CDI + 0% a.a.,2026-07-07,100.4210209147709
22,Fund K,benchmark,100% CDI + 0% a.a.,2026-07-08,100.47377301133112
22,Fund K,benchmark,100% CDI + 0% a.a.,2026-07-09,100.5265528190558
22,Fund K,benchmark,100% CDI + 0% a.a.,2026-07-10,100.57936035251136
22,Fund K,benchmark,100% CDI + 0% a.a.,2026-07-13,100.63219562625488
22,Fund K,benchmark,100% CDI + 0% a.a.,2026-07-14,100.68505865485275
22,Fund K,benchmark,100% CDI + 0% a.a.,2026-07-15,100.73794945288992
22,Fund K,benchmark,100% CDI + 0% a.a.,2026-07-16,100.79086803496057
22,Fund K,benchmark,100% CDI + 0% a.a.,2026-07-17,100.8438144156496
22,Fund K,benchmark,100% CDI + 0% a.a.,2026-07-20,100.89678860956981
22,Fund K,benchmark,100% CDI + 0% a.a.,2026-07-21,100.94979063132462
22,Fund K,benchmark,100% CDI + 0% a.a.,2026-07-22,101.00282049553606
22,Fund K,benchmark,100% CDI + 0% a.a.,2026-07-23,101.05587821682616
22,Fund K,benchmark,100% CDI + 0% a.a.,2026-07-24,101.10896380983544
22,Fund K,benchmark,100% CDI + 0% a.a.,2026-07-27,101.16207728919522
22,Fund K,benchmark,100% CDI + 0% a.a.,2026-07-28,101.2152186695646
22,Fund K,benchmark,100% CDI + 0% a.a.,2026-07-29,101.2683879655934
22,Fund K,benchmark,100% CDI + 0% a.a.,2026-07-30,101.32158519194999
22,Fund K,benchmark,100% CDI + 0% a.a.,2026-07-31,101.37481036330276
22,Fund K,benchmark,100% CDI + 0% a.a.,2026-08-03,101.42806349432935
22,Fund K,benchmark,100% CDI + 0% a.a.,2026-08-04,101.48134459972593
22,Fund K,benchmark,100% CDI + 0% a.a.,2026-08-05,101.53465369417945
22,Fund K,benchmark,100% CDI + 0% a.a.,2026-08-06,101.58799079239536
22,Fund K,benchmark,100% CDI + 0% a.a.,2026-08-07,101.64047159179125
22,Fund K,benchmark,100% CDI + 0% a.a.,2026-08-10,101.69297950299742
22,Fund K,benchmark,100% CDI + 0% a.a.,2026-08-11,101.74551454001463
23,Fund L,fund,Fund L,2026-06-25,100
23,Fund L,fund,Fund L,2026-07-07,100
23,Fund L,fund,Fund L,2026-07-08,100
23,Fund L,fund,Fund L,2026-07-09,100
23,Fund L,fund,Fund L,2026-07-10,100
23,Fund L,fund,Fund L,2026-07-13,100
23,Fund L,fund,Fund L,2026-07-14,100
23,Fund L,fund,Fund L,2026-07-15,100
23,Fund L,fund,Fund L,2026-07-16,100
23,Fund L,fund,Fund L,2026-07-20,100
23,Fund L,fund,Fund L,2026-07-21,100
23,Fund L,fund,Fund L,2026-07-22,100
23,Fund L,fund,Fund L,2026-07-23,100
23,Fund L,fund,Fund L,2026-07-24,100
23,Fund L,fund,Fund L,2026-07-27,100
23,Fund L,fund,Fund L,2026-07-28,100
23,Fund L,fund,Fund L,2026-07-29,100
23,Fund L,fund,Fund L,2026-07-30,100
23,Fund L,fund,Fund L,2026-07-31,100
23,Fund L,fund,Fund L,2026-08-03,100
23,Fund L,fund,Fund L,2026-08-04,100
23,Fund L,fund,Fund L,2026-08-05,100
23,Fund L,fund,Fund L,2026-08-06,100
23,Fund L,fund,Fund L,2026-08-07,100
23,Fund L,fund,Fund L,2026-08-10,100
23,Fund L,fund,Fund L,2026-08-11,100
23,Fund L,benchmark,100% CDI + 0% a.a.,2026-06-25,100
23,Fund L,benchmark,100% CDI + 0% a.a.,2026-06-26,100.05253093035455
23,Fund L,benchmark,100% CDI + 0% a.a.,2026-06-29,100.10508945569487
23,Fund L,benchmark,100% CDI + 0% a.a.,2026-06-30,100.15767559052242
23,Fund L,benchmark,100% CDI + 0% a.a.,2026-07-01,100.21028934932943
23,Fund L,benchmark,100% CDI + 0% a.a.,2026-07-02,100.2629307466359
23,Fund L,benchmark,100% CDI + 0% a.a.,2026-07-03,100.31559979696186
23,Fund L,benchmark,100% CDI + 0% a.a.,2026-07-06,100.36829651482735
23,Fund L,benchmark,100% CDI + 0% a.a.,2026-07-07,100.4210209147709
23,Fund L,benchmark,100% CDI + 0% a.a.,2026-07-08,100.47377301133112
23,Fund L,benchmark,100% CDI + 0% a.a.,2026-07-09,100.5265528190558
23,Fund L,benchmark,100% CDI + 0% a.a.,2026-07-10,100.57936035251136
23,Fund L,benchmark,100% CDI + 0% a.a.,2026-07-13,100.63219562625488
23,Fund L,benchmark,100% CDI + 0% a.a.,2026-07-14,100.68505865485275
23,Fund L,benchmark,100% CDI + 0% a.a.,2026-07-15,100.73794945288992
23,Fund L,benchmark,100% CDI + 0% a.a.,2026-07-16,100.79086803496057
23,Fund L,benchmark,100% CDI + 0% a.a.,2026-07-17,100.8438144156496
23,Fund L,benchmark,100% CDI + 0% a.a.,2026-07-20,100.89678860956981
23,Fund L,benchmark,100% CDI + 0% a.a.,2026-07-21,100.94979063132462
23,Fund L,benchmark,100% CDI + 0% a.a.,2026-07-22,101.00282049553606
23,Fund L,benchmark,100% CDI + 0% a.a.,2026-07-23,101.05587821682616
23,Fund L,benchmark,100% CDI + 0% a.a.,2026-07-24,101.10896380983544
23,Fund L,benchmark,100% CDI + 0% a.a.,2026-07-27,101.16207728919522
23,Fund L,benchmark,100% CDI + 0% a.a.,2026-07-28,101.2152186695646
23,Fund L,benchmark,100% CDI + 0% a.a.,2026-07-29,101.2683879655934
23,Fund L,benchmark,100% CDI + 0% a.a.,2026-07-30,101.32158519194999
23,Fund L,benchmark,100% CDI + 0% a.a.,2026-07-31,101.37481036330276
23,Fund L,benchmark,100% CDI + 0% a.a.,2026-08-03,101.42806349432935
23,Fund L,benchmark,100% CDI + 0% a.a.,2026-08-04,101.48134459972593
23,Fund L,benchmark,100% CDI + 0% a.a.,2026-08-05,101.53465369417945
23,Fund L,benchmark,100% CDI + 0% a.a.,2026-08-06,101.58799079239536
23,Fund L,benchmark,100% CDI + 0% a.a.,2026-08-07,101.64047159179125
23,Fund L,benchmark,100% CDI + 0% a.a.,2026-08-10,101.69297950299742
23,Fund L,benchmark,100% CDI + 0% a.a.,2026-08-11,101.74551454001463
24,Fund M,fund,Fund M,2026-06-25,100
24,Fund M,fund,Fund M,2026-07-07,100
24,Fund M,fund,Fund M,2026-07-08,100
24,Fund M,fund,Fund M,2026-07-09,100
24,Fund M,fund,Fund M,2026-07-10,100
24,Fund M,fund,Fund M,2026-07-13,100
24,Fund M,fund,Fund M,2026-07-14,100
24,Fund M,fund,Fund M,2026-07-15,100
24,Fund M,fund,Fund M,2026-07-20,100
24,Fund M,fund,Fund M,2026-07-21,100
24,Fund M,fund,Fund M,2026-07-22,100
24,Fund M,fund,Fund M,2026-07-23,100
24,Fund M,fund,Fund M,2026-07-24,100
24,Fund M,fund,Fund M,2026-07-27,100
24,Fund M,fund,Fund M,2026-07-28,100
24,Fund M,fund,Fund M,2026-07-29,100
24,Fund M,fund,Fund M,2026-07-30,100
24,Fund M,fund,Fund M,2026-07-31,100
24,Fund M,fund,Fund M,2026-08-03,100
24,Fund M,fund,Fund M,2026-08-04,100
24,Fund M,fund,Fund M,2026-08-05,100
24,Fund M,fund,Fund M,2026-08-06,100
24,Fund M,fund,Fund M,2026-08-07,100
24,Fund M,fund,Fund M,2026-08-10,100
24,Fund M,fund,Fund M,2026-08-11,100
24,Fund M,benchmark,100% CDI + 0% a.a.,2026-06-25,100
24,Fund M,benchmark,100% CDI + 0% a.a.,2026-06-26,100.05253093035455
24,Fund M,benchmark,100% CDI + 0% a.a.,2026-06-29,100.10508945569487
24,Fund M,benchmark,100% CDI + 0% a.a.,2026-06-30,100.15767559052242
24,Fund M,benchmark,100% CDI + 0% a.a.,2026-07-01,100.21028934932943
24,Fund M,benchmark,100% CDI + 0% a.a.,2026-07-02,100.2629307466359
24,Fund M,benchmark,100% CDI + 0% a.a.,2026-07-03,100.31559979696186
24,Fund M,benchmark,100% CDI + 0% a.a.,2026-07-06,100.36829651482735
24,Fund M,benchmark,100% CDI + 0% a.a.,2026-07-07,100.4210209147709
24,Fund M,benchmark,100% CDI + 0% a.a.,2026-07-08,100.47377301133112
24,Fund M,benchmark,100% CDI + 0% a.a.,2026-07-09,100.5265528190558
24,Fund M,benchmark,100% CDI + 0% a.a.,2026-07-10,100.57936035251136
24,Fund M,benchmark,100% CDI + 0% a.a.,2026-07-13,100.63219562625488
24,Fund M,benchmark,100% CDI + 0% a.a.,2026-07-14,100.68505865485275
24,Fund M,benchmark,100% CDI + 0% a.a.,2026-07-15,100.73794945288992
24,Fund M,benchmark,100% CDI + 0% a.a.,2026-07-16,100.79086803496057
24,Fund M,benchmark,100% CDI + 0% a.a.,2026-07-17,100.8438144156496
24,Fund M,benchmark,100% CDI + 0% a.a.,2026-07-20,100.89678860956981
24,Fund M,benchmark,100% CDI + 0% a.a.,2026-07-21,100.94979063132462
24,Fund M,benchmark,100% CDI + 0% a.a.,2026-07-22,101.00282049553606
24,Fund M,benchmark,100% CDI + 0% a.a.,2026-07-23,101.05587821682616
24,Fund M,benchmark,100% CDI + 0% a.a.,2026-07-24,101.10896380983544
24,Fund M,benchmark,100% CDI + 0% a.a.,2026-07-27,101.16207728919522
24,Fund M,benchmark,100% CDI + 0% a.a.,2026-07-28,101.2152186695646
24,Fund M,benchmark,100% CDI + 0% a.a.,2026-07-29,101.2683879655934
24,Fund M,benchmark,100% CDI + 0% a.a.,2026-07-30,101.32158519194999
24,Fund M,benchmark,100% CDI + 0% a.a.,2026-07-31,101.37481036330276
24,Fund M,benchmark,100% CDI + 0% a.a.,2026-08-03,101.42806349432935
24,Fund M,benchmark,100% CDI + 0% a.a.,2026-08-04,101.48134459972593
24,Fund M,benchmark,100% CDI + 0% a.a.,2026-08-05,101.53465369417945
24,Fund M,benchmark,100% CDI + 0% a.a.,2026-08-06,101.58799079239536
24,Fund M,benchmark,100% CDI + 0% a.a.,2026-08-07,101.64047159179125
24,Fund M,benchmark,100% CDI + 0% a.a.,2026-08-10,101.69297950299742
24,Fund M,benchmark,100% CDI + 0% a.a.,2026-08-11,101.74551454001463
20,Fund I,fund,Fund I,2026-02-04,100
20,Fund I,fund,Fund I,2026-02-05,95.34539792
20,Fund I,fund,Fund I,2026-02-06,95.271103667
20,Fund I,fund,Fund I,2026-02-09,95.197875424
20,Fund I,fund,Fund I,2026-02-10,95.12458347
20,Fund I,fund,Fund I,2026-02-11,95.051320197
20,Fund I,fund,Fund I,2026-02-12,94.978186973
20,Fund I,fund,Fund I,2026-02-13,94.904980186
20,Fund I,fund,Fund I,2026-02-18,94.831801642
20,Fund I,fund,Fund I,2026-02-19,94.758743952
20,Fund I,fund,Fund I,2026-02-20,94.685777778
20,Fund I,fund,Fund I,2026-02-23,94.581675534
20,Fund I,fund,Fund I,2026-02-24,94.508609743
20,Fund I,fund,Fund I,2026-02-25,94.435729174
20,Fund I,fund,Fund I,2026-02-26,94.362877285
20,Fund I,fund,Fund I,2026-02-27,94.290048166
20,Fund I,fund,Fund I,2026-03-02,94.221511111
20,Fund I,fund,Fund I,2026-03-03,94.15305156
20,Fund I,fund,Fund I,2026-03-04,94.084515818
20,Fund I,fund,Fund I,2026-03-05,94.016007882
20,Fund I,fund,Fund I,2026-03-06,93.946590257
20,Fund I,fund,Fund I,2026-03-09,93.87787827
20,Fund I,fund,Fund I,2026-03-10,93.809226492
20,Fund I,fund,Fund I,2026-03-11,93.739949206
20,Fund I,fund,Fund I,2026-03-12,93.670560044
20,Fund I,fund,Fund I,2026-03-13,93.601352381
20,Fund I,fund,Fund I,2026-03-16,93.532031308
20,Fund I,fund,Fund I,2026-03-17,92.490958292
20,Fund I,fund,Fund I,2026-03-18,92.42130093
20,Fund I,fund,Fund I,2026-03-19,92.351520744
20,Fund I,fund,Fund I,2026-03-20,92.231559496
20,Fund I,fund,Fund I,2026-03-23,92.160985003
20,Fund I,fund,Fund I,2026-03-24,92.041023755
20,Fund I,fund,Fund I,2026-03-25,91.970466119
20,Fund I,fund,Fund I,2026-03-26,91.899934319
20,Fund I,fund,Fund I,2026-03-27,91.829428571
20,Fund I,fund,Fund I,2026-03-30,91.758948878
20,Fund I,fund,Fund I,2026-03-31,91.688490203
20,Fund I,fund,Fund I,2026-04-01,91.615574384
20,Fund I,fund,Fund I,2026-04-02,91.542684839
20,Fund I,fund,Fund I,2026-04-06,91.469821346
20,Fund I,fund,Fund I,2026-04-07,91.396983908
20,Fund I,fund,Fund I,2026-04-08,91.323255391
20,Fund I,fund,Fund I,2026-04-09,91.4958185
20,Fund I,fund,Fund I,2026-04-10,91.669332239
20,Fund I,fund,Fund I,2026-04-13,91.843799672
20,Fund I,fund,Fund I,2026-04-14,92.019223864
20,Fund I,fund,Fund I,2026-04-15,92.195607663
20,Fund I,fund,Fund I,2026-04-16,92.372954132
20,Fund I,fund,Fund I,2026-04-17,92.551266776
20,Fund I,fund,Fund I,2026-04-20,92.73054844
20,Fund I,fund,Fund I,2026-04-22,92.910802408
20,Fund I,fund,Fund I,2026-04-23,93.092031527
20,Fund I,fund,Fund I,2026-04-24,93.274239299
20,Fund I,fund,Fund I,2026-04-27,93.457428571
20,Fund I,fund,Fund I,2026-04-28,93.641602408
20,Fund I,fund,Fund I,2026-04-29,93.802498741
20,Fund I,fund,Fund I,2026-04-30,93.988651779
20,Fund I,fund,Fund I,2026-05-04,97.039953914
20,Fund I,fund,Fund I,2026-05-05,97.247057581
20,Fund I,fund,Fund I,2026-05-06,97.455176355
20,Fund I,fund,Fund I,2026-05-07,97.664313629
20,Fund I,fund,Fund I,2026-05-08,94.773188725
20,Fund I,fund,Fund I,2026-05-11,94.713532458
20,Fund I,fund,Fund I,2026-05-12,94.653901806
20,Fund I,fund,Fund I,2026-05-13,94.594296661
20,Fund I,fund,Fund I,2026-05-14,94.534717022
20,Fund I,fund,Fund I,2026-05-15,94.475163109
20,Fund I,fund,Fund I,2026-05-18,94.415634702
20,Fund I,fund,Fund I,2026-05-19,94.35613202
20,Fund I,fund,Fund I,2026-05-20,94.296654844
20,Fund I,fund,Fund I,2026-05-21,94.237203284
20,Fund I,fund,Fund I,2026-05-22,94.177777449
20,Fund I,fund,Fund I,2026-05-25,94.11837723
20,Fund I,fund,Fund I,2026-05-26,94.059002737
20,Fund I,fund,Fund I,2026-05-27,93.999653968
20,Fund I,fund,Fund I,2026-05-28,93.940330816
20,Fund I,fund,Fund I,2026-05-29,93.881033498
20,Fund I,fund,Fund I,2026-06-01,93.822413465
20,Fund I,fund,Fund I,2026-06-02,93.763819267
20,Fund I,fund,Fund I,2026-06-03,93.705250903
20,Fund I,fund,Fund I,2026-06-05,93.646708265
20,Fund I,fund,Fund I,2026-06-08,93.587799343
20,Fund I,fund,Fund I,2026-06-09,93.528110016
20,Fund I,fund,Fund I,2026-06-10,93.468446086
20,Fund I,fund,Fund I,2026-06-11,93.408807115
20,Fund I,fund,Fund I,2026-06-12,93.349193541
20,Fund I,fund,Fund I,2026-06-15,93.289560591
20,Fund I,fund,Fund I,2026-06-16,93.229952928
20,Fund I,fund,Fund I,2026-06-17,93.170370334
20,Fund I,fund,Fund I,2026-06-18,93.110813246
20,Fund I,fund,Fund I,2026-06-19,93.05048659
20,Fund I,fund,Fund I,2026-06-22,92.990184455
20,Fund I,fund,Fund I,2026-06-23,92.929906732
20,Fund I,fund,Fund I,2026-06-24,92.86965353
20,Fund I,fund,Fund I,2026-06-25,92.809424849
20,Fund I,fund,Fund I,2026-06-26,92.749220799
20,Fund I,fund,Fund I,2026-06-29,92.68904116
20,Fund I,fund,Fund I,2026-06-30,92.628883634
20,Fund I,fund,Fund I,2026-07-01,92.569886481
20,Fund I,fund,Fund I,2026-07-02,92.510913848
20,Fund I,fund,Fund I,2026-07-03,92.451965846
20,Fund I,fund,Fund I,2026-07-06,92.393042474
20,Fund I,fund,Fund I,2026-07-07,92.333756431
20,Fund I,fund,Fund I,2026-07-08,92.273779529
20,Fund I,fund,Fund I,2026-07-09,92.213826601
20,Fund I,fund,Fund I,2026-07-10,92.153897756
20,Fund I,fund,Fund I,2026-07-13,92.093993103
20,Fund I,fund,Fund I,2026-07-14,92.034112425
20,Fund I,fund,Fund I,2026-07-15,91.974256048
20,Fund I,fund,Fund I,2026-07-16,91.914423645
20,Fund I,fund,Fund I,2026-07-17,91.854615545
20,Fund I,fund,Fund I,2026-07-20,91.794831527
20,Fund I,fund,Fund I,2026-07-21,91.735071702
20,Fund I,fund,Fund I,2026-07-22,91.67533607
20,Fund I,fund,Fund I,2026-07-23,91.615624631
20,Fund I,fund,Fund I,2026-07-24,91.555937384
20,Fund I,fund,Fund I,2026-07-27,91.49627433
20,Fund I,fund,Fund I,2026-07-28,91.436635577
20,Fund I,fund,Fund I,2026-07-29,91.377021018
20,Fund I,fund,Fund I,2026-07-30,91.317430761
20,Fund I,fund,Fund I,2026-07-31,91.257860974
20,Fund I,fund,Fund I,2026-08-03,91.197185988
20,Fund I,fund,Fund I,2026-08-04,91.136535304
20,Fund I,fund,Fund I,2026-08-05,91.075909031
20,Fund I,fund,Fund I,2026-08-06,91.015307061
20,Fund I,fund,Fund I,2026-08-07,-2.885633279
20,Fund I,fund,Fund I,2026-08-10,-2.948160482
20,Fund I,fund,Fund I,2026-08-11,-94.49740197
20,Fund I,benchmark,100% CDI + 0% a.a.,2026-02-04,100
20,Fund I,benchmark,100% CDI + 0% a.a.,2026-02-05,100.05513106415536
20,Fund I,benchmark,100% CDI + 0% a.a.,2026-02-06,100.1102925226511
20,Fund I,benchmark,100% CDI + 0% a.a.,2026-02-09,100.16548439224727
20,Fund I,benchmark,100% CDI + 0% a.a.,2026-02-10,100.22070668970396
20,Fund I,benchmark,100% CDI + 0% a.a.,2026-02-11,100.27595943180076
20,Fund I,benchmark,100% CDI + 0% a.a.,2026-02-12,100.33124263532702
20,Fund I,benchmark,100% CDI + 0% a.a.,2026-02-13,100.3865563170721
20,Fund I,benchmark,100% CDI + 0% a.a.,2026-02-18,100.44190049383515
20,Fund I,benchmark,100% CDI + 0% a.a.,2026-02-19,100.49727518243478
20,Fund I,benchmark,100% CDI + 0% a.a.,2026-02-20,100.55268039968963
20,Fund I,benchmark,100% CDI + 0% a.a.,2026-02-23,100.60811616242812
20,Fund I,benchmark,100% CDI + 0% a.a.,2026-02-24,100.66358248749815
20,Fund I,benchmark,100% CDI + 0% a.a.,2026-02-25,100.71907939173792
20,Fund I,benchmark,100% CDI + 0% a.a.,2026-02-26,100.77460689201484
20,Fund I,benchmark,100% CDI + 0% a.a.,2026-02-27,100.83016500518663
20,Fund I,benchmark,100% CDI + 0% a.a.,2026-03-02,100.88575374814023
20,Fund I,benchmark,100% CDI + 0% a.a.,2026-03-03,100.94137313776264
20,Fund I,benchmark,100% CDI + 0% a.a.,2026-03-04,100.99702319094081
20,Fund I,benchmark,100% CDI + 0% a.a.,2026-03-05,101.05270392459099
20,Fund I,benchmark,100% CDI + 0% a.a.,2026-03-06,101.10841535561968
20,Fund I,benchmark,100% CDI + 0% a.a.,2026-03-09,101.16415750095291
20,Fund I,benchmark,100% CDI + 0% a.a.,2026-03-10,101.21993037752644
20,Fund I,benchmark,100% CDI + 0% a.a.,2026-03-11,101.27573400227605
20,Fund I,benchmark,100% CDI + 0% a.a.,2026-03-12,101.33156839215704
20,Fund I,benchmark,100% CDI + 0% a.a.,2026-03-13,101.38743356413447
20,Fund I,benchmark,100% CDI + 0% a.a.,2026-03-16,101.44332953517339
20,Fund I,benchmark,100% CDI + 0% a.a.,2026-03-17,101.4992563222584
20,Fund I,benchmark,100% CDI + 0% a.a.,2026-03-18,101.55521394237408
20,Fund I,benchmark,100% CDI + 0% a.a.,2026-03-19,101.61120241252452
20,Fund I,benchmark,100% CDI + 0% a.a.,2026-03-20,101.66634298741177
20,Fund I,benchmark,100% CDI + 0% a.a.,2026-03-23,101.7215134850146
20,Fund I,benchmark,100% CDI + 0% a.a.,2026-03-24,101.77671392157575
20,Fund I,benchmark,100% CDI + 0% a.a.,2026-03-25,101.8319443133282
20,Fund I,benchmark,100% CDI + 0% a.a.,2026-03-26,101.88720467653418
20,Fund I,benchmark,100% CDI + 0% a.a.,2026-03-27,101.94249502746571
20,Fund I,benchmark,100% CDI + 0% a.a.,2026-03-30,101.99781538238504
20,Fund I,benchmark,100% CDI + 0% a.a.,2026-03-31,102.05316575758371
20,Fund I,benchmark,100% CDI + 0% a.a.,2026-04-01,102.1085461693435
20,Fund I,benchmark,100% CDI + 0% a.a.,2026-04-02,102.16395663396567
20,Fund I,benchmark,100% CDI + 0% a.a.,2026-04-06,102.21939716776131
20,Fund I,benchmark,100% CDI + 0% a.a.,2026-04-07,102.27486778705122
20,Fund I,benchmark,100% CDI + 0% a.a.,2026-04-08,102.33036850815623
20,Fund I,benchmark,100% CDI + 0% a.a.,2026-04-09,102.38589934741667
20,Fund I,benchmark,100% CDI + 0% a.a.,2026-04-10,102.44146032117287
20,Fund I,benchmark,100% CDI + 0% a.a.,2026-04-13,102.49705144577496
20,Fund I,benchmark,100% CDI + 0% a.a.,2026-04-14,102.55267273759254
20,Fund I,benchmark,100% CDI + 0% a.a.,2026-04-15,102.6083242129855
20,Fund I,benchmark,100% CDI + 0% a.a.,2026-04-16,102.66400588834294
20,Fund I,benchmark,100% CDI + 0% a.a.,2026-04-17,102.71971778005404
20,Fund I,benchmark,100% CDI + 0% a.a.,2026-04-20,102.77545990450794
20,Fund I,benchmark,100% CDI + 0% a.a.,2026-04-22,102.83123227811332
20,Fund I,benchmark,100% CDI + 0% a.a.,2026-04-23,102.88703491728859
20,Fund I,benchmark,100% CDI + 0% a.a.,2026-04-24,102.94286783845217
20,Fund I,benchmark,100% CDI + 0% a.a.,2026-04-27,102.99873105804205
20,Fund I,benchmark,100% CDI + 0% a.a.,2026-04-28,103.05462459249617
20,Fund I,benchmark,100% CDI + 0% a.a.,2026-04-29,103.11054845827198
20,Fund I,benchmark,100% CDI + 0% a.a.,2026-04-30,103.16650267182698
20,Fund I,benchmark,100% CDI + 0% a.a.,2026-05-04,103.22159309674663
20,Fund I,benchmark,100% CDI + 0% a.a.,2026-05-05,103.27671293969574
20,Fund I,benchmark,100% CDI + 0% a.a.,2026-05-06,103.33186221638017
20,Fund I,benchmark,100% CDI + 0% a.a.,2026-05-07,103.38704094251554
20,Fund I,benchmark,100% CDI + 0% a.a.,2026-05-08,103.44224913382722
20,Fund I,benchmark,100% CDI + 0% a.a.,2026-05-11,103.49748680606011
20,Fund I,benchmark,100% CDI + 0% a.a.,2026-05-12,103.55275397494937
20,Fund I,benchmark,100% CDI + 0% a.a.,2026-05-13,103.60805065623988
20,Fund I,benchmark,100% CDI + 0% a.a.,2026-05-14,103.6633768656961
20,Fund I,benchmark,100% CDI + 0% a.a.,2026-05-15,103.71873261909218
20,Fund I,benchmark,100% CDI + 0% a.a.,2026-05-18,103.77411793219258
20,Fund I,benchmark,100% CDI + 0% a.a.,2026-05-19,103.82953282079099
20,Fund I,benchmark,100% CDI + 0% a.a.,2026-05-20,103.88497730068111
20,Fund I,benchmark,100% CDI + 0% a.a.,2026-05-21,103.94045138765667
20,Fund I,benchmark,100% CDI + 0% a.a.,2026-05-22,103.9959550975309
20,Fund I,benchmark,100% CDI + 0% a.a.,2026-05-25,104.05148844612678
20,Fund I,benchmark,100% CDI + 0% a.a.,2026-05-26,104.10705144926732
20,Fund I,benchmark,100% CDI + 0% a.a.,2026-05-27,104.16264412279503
20,Fund I,benchmark,100% CDI + 0% a.a.,2026-05-28,104.21826648254266
20,Fund I,benchmark,100% CDI + 0% a.a.,2026-05-29,104.27391854437225
20,Fund I,benchmark,100% CDI + 0% a.a.,2026-06-01,104.32960032413607
20,Fund I,benchmark,100% CDI + 0% a.a.,2026-06-02,104.38531183770594
20,Fund I,benchmark,100% CDI + 0% a.a.,2026-06-03,104.4410531009634
20,Fund I,benchmark,100% CDI + 0% a.a.,2026-06-05,104.49682412979003
20,Fund I,benchmark,100% CDI + 0% a.a.,2026-06-08,104.5526249400869
20,Fund I,benchmark,100% CDI + 0% a.a.,2026-06-09,104.60845554774534
20,Fund I,benchmark,100% CDI + 0% a.a.,2026-06-10,104.66431596868594
20,Fund I,benchmark,100% CDI + 0% a.a.,2026-06-11,104.72020621882933
20,Fund I,benchmark,100% CDI + 0% a.a.,2026-06-12,104.77612631410587
20,Fund I,benchmark,100% CDI + 0% a.a.,2026-06-15,104.83207627044591
20,Fund I,benchmark,100% CDI + 0% a.a.,2026-06-16,104.88805610379936
20,Fund I,benchmark,100% CDI + 0% a.a.,2026-06-17,104.94406583011609
20,Fund I,benchmark,100% CDI + 0% a.a.,2026-06-18,105.00010546536554
20,Fund I,benchmark,100% CDI + 0% a.a.,2026-06-19,105.0552629976407
20,Fund I,benchmark,100% CDI + 0% a.a.,2026-06-22,105.11044950468674
20,Fund I,benchmark,100% CDI + 0% a.a.,2026-06-23,105.1656650017117
20,Fund I,benchmark,100% CDI + 0% a.a.,2026-06-24,105.22090950395292
20,Fund I,benchmark,100% CDI + 0% a.a.,2026-06-25,105.2761830266477
20,Fund I,benchmark,100% CDI + 0% a.a.,2026-06-26,105.33148558503335
20,Fund I,benchmark,100% CDI + 0% a.a.,2026-06-29,105.38681719436673
20,Fund I,benchmark,100% CDI + 0% a.a.,2026-06-30,105.44217786991442
20,Fund I,benchmark,100% CDI + 0% a.a.,2026-07-01,105.49756762693329
20,Fund I,benchmark,100% CDI + 0% a.a.,2026-07-02,105.55298648070944
20,Fund I,benchmark,100% CDI + 0% a.a.,2026-07-03,105.608434446529
20,Fund I,benchmark,100% CDI + 0% a.a.,2026-07-06,105.6639115396781
20,Fund I,benchmark,100% CDI + 0% a.a.,2026-07-07,105.71941777546239
20,Fund I,benchmark,100% CDI + 0% a.a.,2026-07-08,105.7749531691875
20,Fund I,benchmark,100% CDI + 0% a.a.,2026-07-09,105.83051773616886
20,Fund I,benchmark,100% CDI + 0% a.a.,2026-07-10,105.88611149174137
20,Fund I,benchmark,100% CDI + 0% a.a.,2026-07-13,105.94173445123025
20,Fund I,benchmark,100% CDI + 0% a.a.,2026-07-14,105.99738662997038
20,Fund I,benchmark,100% CDI + 0% a.a.,2026-07-15,106.05306804331623
20,Fund I,benchmark,100% CDI + 0% a.a.,2026-07-16,106.10877870663202
20,Fund I,benchmark,100% CDI + 0% a.a.,2026-07-17,106.16451863527222
20,Fund I,benchmark,100% CDI + 0% a.a.,2026-07-20,106.22028784462053
20,Fund I,benchmark,100% CDI + 0% a.a.,2026-07-21,106.27608635005095
20,Fund I,benchmark,100% CDI + 0% a.a.,2026-07-22,106.33191416695698
20,Fund I,benchmark,100% CDI + 0% a.a.,2026-07-23,106.38777131073209
20,Fund I,benchmark,100% CDI + 0% a.a.,2026-07-24,106.44365779678934
20,Fund I,benchmark,100% CDI + 0% a.a.,2026-07-27,106.49957364053196
20,Fund I,benchmark,100% CDI + 0% a.a.,2026-07-28,106.55551885739251
20,Fund I,benchmark,100% CDI + 0% a.a.,2026-07-29,106.61149346279377
20,Fund I,benchmark,100% CDI + 0% a.a.,2026-07-30,106.66749747217804
20,Fund I,benchmark,100% CDI + 0% a.a.,2026-07-31,106.72353090098763
20,Fund I,benchmark,100% CDI + 0% a.a.,2026-08-03,106.7795937646746
20,Fund I,benchmark,100% CDI + 0% a.a.,2026-08-04,106.83568607871054
20,Fund I,benchmark,100% CDI + 0% a.a.,2026-08-05,106.89180785855727
20,Fund I,benchmark,100% CDI + 0% a.a.,2026-08-06,106.94795911969615
20,Fund I,benchmark,100% CDI + 0% a.a.,2026-08-07,107.00320890212203
20,Fund I,benchmark,100% CDI + 0% a.a.,2026-08-10,107.05848722682688
20,Fund I,benchmark,100% CDI + 0% a.a.,2026-08-11,107.11379410855024
11,Fund A,fund,Fund A,2025-12-01,100
11,Fund A,fund,Fund A,2025-12-02,100.08117206092325
11,Fund A,fund,Fund A,2025-12-03,100.02992869790353
11,Fund A,fund,Fund A,2025-12-04,100.13432451829163
11,Fund A,fund,Fund A,2025-12-05,100.59434426533076
11,Fund A,fund,Fund A,2025-12-08,100.50256464339668
11,Fund A,fund,Fund A,2025-12-09,100.57419123257664
11,Fund A,fund,Fund A,2025-12-10,100.61442441831926
11,Fund A,fund,Fund A,2025-12-11,100.61061778373113
11,Fund A,fund,Fund A,2025-12-12,100.62410409548465
11,Fund A,fund,Fund A,2025-12-15,100.60428079923115
11,Fund A,fund,Fund A,2025-12-16,100.6578420943092
11,Fund A,fund,Fund A,2025-12-17,100.75752206059396
11,Fund A,fund,Fund A,2025-12-18,100.70659510241042
11,Fund A,fund,Fund A,2025-12-19,100.68824095557886
11,Fund A,fund,Fund A,2025-12-22,100.83919983598854
11,Fund A,fund,Fund A,2025-12-23,100.802156473159
11,Fund A,fund,Fund A,2025-12-24,100.83325035853512
11,Fund A,fund,Fund A,2025-12-26,100.82519803320976
11,Fund A,fund,Fund A,2025-12-29,100.79923950497823
11,Fund A,fund,Fund A,2025-12-30,100.80756024114777
11,Fund A,fund,Fund A,2025-12-31,100.85885604204765
11,Fund A,fund,Fund A,2026-01-02,100.72496258090642
11,Fund A,fund,Fund A,2026-01-05,101.01453610922643
11,Fund A,fund,Fund A,2026-01-06,101.13896586616629
11,Fund A,fund,Fund A,2026-01-07,101.20452477046807
11,Fund A,fund,Fund A,2026-01-08,101.26844210248774
11,Fund A,fund,Fund A,2026-01-09,101.50111519817479
11,Fund A,fund,Fund A,2026-01-12,101.63018259678657
11,Fund A,fund,Fund A,2026-01-13,101.74170108109934
11,Fund A,fund,Fund A,2026-01-14,101.91457632908052
11,Fund A,fund,Fund A,2026-01-15,102.02814611216269
11,Fund A,fund,Fund A,2026-01-16,102.32713446191443
11,Fund A,fund,Fund A,2026-01-19,102.39374123504166
11,Fund A,fund,Fund A,2026-01-20,102.5483316608464
11,Fund A,fund,Fund A,2026-01-21,102.56155045053337
11,Fund A,fund,Fund A,2026-01-22,102.52802842467285
11,Fund A,fund,Fund A,2026-01-23,102.7365045493905
11,Fund A,fund,Fund A,2026-01-26,102.7745637850508
11,Fund A,fund,Fund A,2026-01-27,102.90545762169168
11,Fund A,fund,Fund A,2026-01-28,102.96278733391979
11,Fund A,fund,Fund A,2026-01-29,102.97045837364199
11,Fund A,fund,Fund A,2026-01-30,103.08890665713376
11,Fund A,fund,Fund A,2026-02-02,103.07390320196629
11,Fund A,fund,Fund A,2026-02-03,103.07629223623499
11,Fund A,fund,Fund A,2026-02-04,103.0584686896484
11,Fund A,fund,Fund A,2026-02-05,103.0874819465933
11,Fund A,fund,Fund A,2026-02-06,103.20411001349937
11,Fund A,fund,Fund A,2026-02-09,103.22167492579574
11,Fund A,fund,Fund A,2026-02-10,103.22650187710279
11,Fund A,fund,Fund A,2026-02-11,103.2118263808807
11,Fund A,fund,Fund A,2026-02-12,103.0348698660238
11,Fund A,fund,Fund A,2026-02-13,102.91346195302502
11,Fund A,fund,Fund A,2026-02-18,102.91212167635939
11,Fund A,fund,Fund A,2026-02-19,102.94904416543127
11,Fund A,fund,Fund A,2026-02-20,103.09025226646517
11,Fund A,fund,Fund A,2026-02-23,103.24239322112237
11,Fund A,fund,Fund A,2026-02-24,103.30758150515256
11,Fund A,fund,Fund A,2026-02-25,103.39229445615265
11,Fund A,fund,Fund A,2026-02-26,103.43619562717318
11,Fund A,fund,Fund A,2026-02-27,103.56067071177215
11,Fund A,fund,Fund A,2026-03-02,103.49821097506523
11,Fund A,fund,Fund A,2026-03-03,103.53120595579134
11,Fund A,fund,Fund A,2026-03-04,103.59271470043443
11,Fund A,fund,Fund A,2026-03-05,103.66450482469826
11,Fund A,fund,Fund A,2026-03-06,103.76234768762235
11,Fund A,fund,Fund A,2026-03-09,103.81356883120134
11,Fund A,fund,Fund A,2026-03-10,103.7764561437167
11,Fund A,fund,Fund A,2026-03-11,103.79429924341116
11,Fund A,fund,Fund A,2026-03-12,103.70685774508779
11,Fund A,fund,Fund A,2026-03-13,103.70136687689131
11,Fund A,fund,Fund A,2026-03-16,103.74725357713665
11,Fund A,fund,Fund A,2026-03-17,103.84381393394105
11,Fund A,fund,Fund A,2026-03-18,103.66636948016543
11,Fund A,fund,Fund A,2026-03-19,103.44709915113471
11,Fund A,fund,Fund A,2026-03-20,103.80366429329563
11,Fund A,fund,Fund A,2026-03-23,103.68254256669363
11,Fund A,fund,Fund A,2026-03-24,103.68930794201114
11,Fund A,fund,Fund A,2026-03-25,103.70146553120821
11,Fund A,fund,Fund A,2026-03-26,103.63827077540151
11,Fund A,fund,Fund A,2026-03-27,103.67064627811969
11,Fund A,fund,Fund A,2026-03-30,103.6452716767909
11,Fund A,fund,Fund A,2026-03-31,103.48749409440595
11,Fund A,fund,Fund A,2026-04-01,103.54131757888477
11,Fund A,fund,Fund A,2026-04-02,103.34627888315102
11,Fund A,fund,Fund A,2026-04-06,103.34662995031475
11,Fund A,fund,Fund A,2026-04-07,103.2851914191044
11,Fund A,fund,Fund A,2026-04-08,103.2305467040957
11,Fund A,fund,Fund A,2026-04-09,103.20557027514502
11,Fund A,fund,Fund A,2026-04-10,103.40009081352065
11,Fund A,fund,Fund A,2026-04-13,103.50911183269386
11,Fund A,fund,Fund A,2026-04-14,103.55466168621754
11,Fund A,fund,Fund A,2026-04-15,103.5252440354511
11,Fund A,fund,Fund A,2026-04-16,103.51131333488271
11,Fund A,fund,Fund A,2026-04-17,103.4516816885936
11,Fund A,fund,Fund A,2026-04-20,103.18200966895851
11,Fund A,fund,Fund A,2026-04-22,103.25800637774384
11,Fund A,fund,Fund A,2026-04-23,103.31693322337259
11,Fund A,fund,Fund A,2026-04-24,103.0079976743889
11,Fund A,fund,Fund A,2026-04-27,103.01550606780486
11,Fund A,fund,Fund A,2026-04-28,102.51090167974795
11,Fund A,fund,Fund A,2026-04-29,102.54606794422348
11,Fund A,fund,Fund A,2026-04-30,102.54462456935279
11,Fund A,fund,Fund A,2026-05-04,102.3691327600297
11,Fund A,fund,Fund A,2026-05-05,102.58970870339849
11,Fund A,fund,Fund A,2026-05-06,102.58456090336709
11,Fund A,fund,Fund A,2026-05-07,102.59662872602357
11,Fund A,fund,Fund A,2026-05-08,102.47591405957598
11,Fund A,fund,Fund A,2026-05-11,102.5254083082204
11,Fund A,fund,Fund A,2026-05-12,102.49750513453503
11,Fund A,fund,Fund A,2026-05-13,102.44321415302296
11,Fund A,fund,Fund A,2026-05-14,102.4861145604324
11,Fund A,fund,Fund A,2026-05-15,102.410552463908
11,Fund A,fund,Fund A,2026-05-18,102.40535133721883
11,Fund A,fund,Fund A,2026-05-19,102.2922792696093
11,Fund A,fund,Fund A,2026-05-20,102.32867204721386
11,Fund A,fund,Fund A,2026-05-21,102.23179706312854
11,Fund A,fund,Fund A,2026-05-22,102.39353770496446
11,Fund A,fund,Fund A,2026-05-25,102.37343088864706
11,Fund A,fund,Fund A,2026-05-26,102.56534819734522
11,Fund A,fund,Fund A,2026-05-27,102.70226527998277
11,Fund A,fund,Fund A,2026-05-28,102.6817131860729
11,Fund A,fund,Fund A,2026-05-29,102.79095639965354
11,Fund A,fund,Fund A,2026-06-01,102.83344085913227
11,Fund A,fund,Fund A,2026-06-02,103.0156384956717
11,Fund A,fund,Fund A,2026-06-03,103.2792934907535
11,Fund A,fund,Fund A,2026-06-05,103.14224486902675
11,Fund A,fund,Fund A,2026-06-08,103.09929202373715
11,Fund A,fund,Fund A,2026-06-09,103.18170659578676
11,Fund A,fund,Fund A,2026-06-10,103.57689534740287
11,Fund A,fund,Fund A,2026-06-11,103.66952286319571
11,Fund A,fund,Fund A,2026-06-12,103.7221073916587
11,Fund A,fund,Fund A,2026-06-15,103.68118362569777
11,Fund A,fund,Fund A,2026-06-16,103.8998415869416
11,Fund A,fund,Fund A,2026-06-17,104.13117618351829
11,Fund A,fund,Fund A,2026-06-18,104.09783724584948
11,Fund A,fund,Fund A,2026-06-19,104.06227991921686
11,Fund A,fund,Fund A,2026-06-22,103.99743559212939
11,Fund A,fund,Fund A,2026-06-23,104.08260892994169
11,Fund A,fund,Fund A,2026-06-24,104.1903056704466
11,Fund A,fund,Fund A,2026-06-25,104.05652419528674
11,Fund A,fund,Fund A,2026-06-26,103.96842677907263
11,Fund A,fund,Fund A,2026-06-29,104.06132003937675
11,Fund A,fund,Fund A,2026-06-30,104.08189701906028
11,Fund A,fund,Fund A,2026-07-01,104.2429355265687
11,Fund A,fund,Fund A,2026-07-02,104.42068483107133
11,Fund A,fund,Fund A,2026-07-03,104.54923673865787
11,Fund A,fund,Fund A,2026-07-06,104.46351680260328
11,Fund A,fund,Fund A,2026-07-07,104.62640930024733
11,Fund A,fund,Fund A,2026-07-08,104.69550553951544
11,Fund A,fund,Fund A,2026-07-09,104.76248204413665
11,Fund A,fund,Fund A,2026-07-10,104.73263778010794
11,Fund A,fund,Fund A,2026-07-13,104.69486828595493
11,Fund A,fund,Fund A,2026-07-14,104.7196083000561
11,Fund A,fund,Fund A,2026-07-15,104.82430541606067
11,Fund A,fund,Fund A,2026-07-16,104.8921973616405
11,Fund A,fund,Fund A,2026-07-17,104.89989950857974
11,Fund A,fund,Fund A,2026-07-20,105.07321292393237
11,Fund A,fund,Fund A,2026-07-21,105.18923128938445
11,Fund A,fund,Fund A,2026-07-22,105.17485708877884
11,Fund A,fund,Fund A,2026-07-23,105.34926814450418
11,Fund A,fund,Fund A,2026-07-24,105.37822896356894
11,Fund A,fund,Fund A,2026-07-27,105.45986230008202
11,Fund A,fund,Fund A,2026-07-28,105.4838761828597
11,Fund A,fund,Fund A,2026-07-29,105.41498614000169
11,Fund A,fund,Fund A,2026-07-30,105.53819382770067
11,Fund A,fund,Fund A,2026-07-31,105.48252346330726
11,Fund A,fund,Fund A,2026-08-03,105.51503406022515
11,Fund A,fund,Fund A,2026-08-04,105.69988914187746
11,Fund A,fund,Fund A,2026-08-05,105.78412393051276
11,Fund A,fund,Fund A,2026-08-06,105.82127305788023
11,Fund A,fund,Fund A,2026-08-07,105.8336875038123
11,Fund A,fund,Fund A,2026-08-10,106.02644737370343
11,Fund A,fund,Fund A,2026-08-11,106.47431397543363
11,Fund A,benchmark,100% CDI + 0% a.a.,2025-12-01,100
11,Fund A,benchmark,100% CDI + 0% a.a.,2025-12-02,100
11,Fund A,benchmark,100% CDI + 0% a.a.,2025-12-03,100
11,Fund A,benchmark,100% CDI + 0% a.a.,2025-12-04,100
11,Fund A,benchmark,100% CDI + 0% a.a.,2025-12-05,100
11,Fund A,benchmark,100% CDI + 0% a.a.,2025-12-08,100
11,Fund A,benchmark,100% CDI + 0% a.a.,2025-12-09,100
11,Fund A,benchmark,100% CDI + 0% a.a.,2025-12-10,100
11,Fund A,benchmark,100% CDI + 0% a.a.,2025-12-11,100
11,Fund A,benchmark,100% CDI + 0% a.a.,2025-12-12,99.80143754633139
11,Fund A,benchmark,100% CDI + 0% a.a.,2025-12-15,99.85645914089345
11,Fund A,benchmark,100% CDI + 0% a.a.,2025-12-16,99.91151106944126
11,Fund A,benchmark,100% CDI + 0% a.a.,2025-12-17,99.9665933487089
11,Fund A,benchmark,100% CDI + 0% a.a.,2025-12-18,100.02170599542048
11,Fund A,benchmark,100% CDI + 0% a.a.,2025-12-19,100.07684902632003
11,Fund A,benchmark,100% CDI + 0% a.a.,2025-12-22,100.1320224581615
11,Fund A,benchmark,100% CDI + 0% a.a.,2025-12-23,100.18722630769884
11,Fund A,benchmark,100% CDI + 0% a.a.,2025-12-24,100.24246059170585
11,Fund A,benchmark,100% CDI + 0% a.a.,2025-12-26,100.2977253269663
11,Fund A,benchmark,100% CDI + 0% a.a.,2025-12-29,100.35302053026395
11,Fund A,benchmark,100% CDI + 0% a.a.,2025-12-30,100.40834621839251
11,Fund A,benchmark,100% CDI + 0% a.a.,2025-12-31,100.46370240816552
11,Fund A,benchmark,100% CDI + 0% a.a.,2026-01-02,100.51908911639657
11,Fund A,benchmark,100% CDI + 0% a.a.,2026-01-05,100.57450635990917
11,Fund A,benchmark,100% CDI + 0% a.a.,2026-01-06,100.62995415553675
11,Fund A,benchmark,100% CDI + 0% a.a.,2026-01-07,100.6854325201227
11,Fund A,benchmark,100% CDI + 0% a.a.,2026-01-08,100.74094147052034
11,Fund A,benchmark,100% CDI + 0% a.a.,2026-01-09,100.79648102359293
11,Fund A,benchmark,100% CDI + 0% a.a.,2026-01-12,100.85205119621364
11,Fund A,benchmark,100% CDI + 0% a.a.,2026-01-13,100.90765200525568
11,Fund A,benchmark,100% CDI + 0% a.a.,2026-01-14,100.96328346762206
11,Fund A,benchmark,100% CDI + 0% a.a.,2026-01-15,101.01894560020584
11,Fund A,benchmark,100% CDI + 0% a.a.,2026-01-16,101.07463841991003
11,Fund A,benchmark,100% CDI + 0% a.a.,2026-01-19,101.13036194365749
11,Fund A,benchmark,100% CDI + 0% a.a.,2026-01-20,101.18611618838104
11,Fund A,benchmark,100% CDI + 0% a.a.,2026-01-21,101.24190117101351
11,Fund A,benchmark,100% CDI + 0% a.a.,2026-01-22,101.29771690849763
11,Fund A,benchmark,100% CDI + 0% a.a.,2026-01-23,101.35356341779607
11,Fund A,benchmark,100% CDI + 0% a.a.,2026-01-26,101.40944071586146
11,Fund A,benchmark,100% CDI + 0% a.a.,2026-01-27,101.46534881967634
11,Fund A,benchmark,100% CDI + 0% a.a.,2026-01-28,101.52128774623314
11,Fund A,benchmark,100% CDI + 0% a.a.,2026-01-29,101.57725751251436
11,Fund A,benchmark,100% CDI + 0% a.a.,2026-01-30,101.63325813552237
11,Fund A,benchmark,100% CDI + 0% a.a.,2026-02-02,101.68928963226949
11,Fund A,benchmark,100% CDI + 0% a.a.,2026-02-03,101.74535201977795
11,Fund A,benchmark,100% CDI + 0% a.a.,2026-02-04,101.80144531507003
11,Fund A,benchmark,100% CDI + 0% a.a.,2026-02-05,101.85756953519777
11,Fund A,benchmark,100% CDI + 0% a.a.,2026-02-06,101.91372469720329
11,Fund A,benchmark,100% CDI + 0% a.a.,2026-02-09,101.9699108181486
11,Fund A,benchmark,100% CDI + 0% a.a.,2026-02-10,102.0261279150957
11,Fund A,benchmark,100% CDI + 0% a.a.,2026-02-11,102.08237600512645
11,Fund A,benchmark,100% CDI + 0% a.a.,2026-02-12,102.13865510533266
11,Fund A,benchmark,100% CDI + 0% a.a.,2026-02-13,102.19496523280614
11,Fund A,benchmark,100% CDI + 0% a.a.,2026-02-18,102.25130640464864
11,Fund A,benchmark,100% CDI + 0% a.a.,2026-02-19,102.30767863798178
11,Fund A,benchmark,100% CDI + 0% a.a.,2026-02-20,102.36408194992718
11,Fund A,benchmark,100% CDI + 0% a.a.,2026-02-23,102.42051635761639
11,Fund A,benchmark,100% CDI + 0% a.a.,2026-02-24,102.47698187820085
11,Fund A,benchmark,100% CDI + 0% a.a.,2026-02-25,102.53347852882204
11,Fund A,benchmark,100% CDI + 0% a.a.,2026-02-26,102.59000632665129
11,Fund A,benchmark,100% CDI + 0% a.a.,2026-02-27,102.64656528884994
11,Fund A,benchmark,100% CDI + 0% a.a.,2026-03-02,102.7031554326092
11,Fund A,benchmark,100% CDI + 0% a.a.,2026-03-03,102.75977677512023
11,Fund A,benchmark,100% CDI + 0% a.a.,2026-03-04,102.8164293335742
11,Fund A,benchmark,100% CDI + 0% a.a.,2026-03-05,102.87311312519213
11,Fund A,benchmark,100% CDI + 0% a.a.,2026-03-06,102.92982816718505
11,Fund A,benchmark,100% CDI + 0% a.a.,2026-03-09,102.9865744767839
11,Fund A,benchmark,100% CDI + 0% a.a.,2026-03-10,103.04335207122955
11,Fund A,benchmark,100% CDI + 0% a.a.,2026-03-11,103.10016096776285
11,Fund A,benchmark,100% CDI + 0% a.a.,2026-03-12,103.15700118364454
11,Fund A,benchmark,100% CDI + 0% a.a.,2026-03-13,103.21387273614532
11,Fund A,benchmark,100% CDI + 0% a.a.,2026-03-16,103.27077564253584
11,Fund A,benchmark,100% CDI + 0% a.a.,2026-03-17,103.32770992010666
11,Fund A,benchmark,100% CDI + 0% a.a.,2026-03-18,103.38467558614833
11,Fund A,benchmark,100% CDI + 0% a.a.,2026-03-19,103.44167265797128
11,Fund A,benchmark,100% CDI + 0% a.a.,2026-03-20,103.49780656016152
11,Fund A,benchmark,100% CDI + 0% a.a.,2026-03-23,103.55397092410873
11,Fund A,benchmark,100% CDI + 0% a.a.,2026-03-24,103.6101657663482
11,Fund A,benchmark,100% CDI + 0% a.a.,2026-03-25,103.66639110340537
11,Fund A,benchmark,100% CDI + 0% a.a.,2026-03-26,103.72264695183542
11,Fund A,benchmark,100% CDI + 0% a.a.,2026-03-27,103.7789333282035
11,Fund A,benchmark,100% CDI + 0% a.a.,2026-03-30,103.8352502490648
11,Fund A,benchmark,100% CDI + 0% a.a.,2026-03-31,103.89159773100437
11,Fund A,benchmark,100% CDI + 0% a.a.,2026-04-01,103.94797579059725
11,Fund A,benchmark,100% CDI + 0% a.a.,2026-04-02,104.00438444443843
11,Fund A,benchmark,100% CDI + 0% a.a.,2026-04-06,104.06082370913278
11,Fund A,benchmark,100% CDI + 0% a.a.,2026-04-07,104.11729360129513
11,Fund A,benchmark,100% CDI + 0% a.a.,2026-04-08,104.17379413754031
11,Fund A,benchmark,100% CDI + 0% a.a.,2026-04-09,104.23032533450302
11,Fund A,benchmark,100% CDI + 0% a.a.,2026-04-10,104.28688720881797
11,Fund A,benchmark,100% CDI + 0% a.a.,2026-04-13,104.3434797771298
11,Fund A,benchmark,100% CDI + 0% a.a.,2026-04-14,104.400103056103
11,Fund A,benchmark,100% CDI + 0% a.a.,2026-04-15,104.45675706239219
11,Fund A,benchmark,100% CDI + 0% a.a.,2026-04-16,104.51344181268172
11,Fund A,benchmark,100% CDI + 0% a.a.,2026-04-17,104.57015732365599
11,Fund A,benchmark,100% CDI + 0% a.a.,2026-04-20,104.62690361199938
11,Fund A,benchmark,100% CDI + 0% a.a.,2026-04-22,104.68368069441617
11,Fund A,benchmark,100% CDI + 0% a.a.,2026-04-23,104.74048858762055
11,Fund A,benchmark,100% CDI + 0% a.a.,2026-04-24,104.79732730832671
11,Fund A,benchmark,100% CDI + 0% a.a.,2026-04-27,104.85419687326873
11,Fund A,benchmark,100% CDI + 0% a.a.,2026-04-28,104.9110972991807
11,Fund A,benchmark,100% CDI + 0% a.a.,2026-04-29,104.96802860281653
11,Fund A,benchmark,100% CDI + 0% a.a.,2026-04-30,105.02499080093021
11,Fund A,benchmark,100% CDI + 0% a.a.,2026-05-04,105.08107364972864
11,Fund A,benchmark,100% CDI + 0% a.a.,2026-05-05,105.13718644650622
11,Fund A,benchmark,100% CDI + 0% a.a.,2026-05-06,105.19332920725178
11,Fund A,benchmark,100% CDI + 0% a.a.,2026-05-07,105.24950194796402
11,Fund A,benchmark,100% CDI + 0% a.a.,2026-05-08,105.30570468465162
11,Fund A,benchmark,100% CDI + 0% a.a.,2026-05-11,105.3619374333431
11,Fund A,benchmark,100% CDI + 0% a.a.,2026-05-12,105.41820021005708
11,Fund A,benchmark,100% CDI + 0% a.a.,2026-05-13,105.4744930308221
11,Fund A,benchmark,100% CDI + 0% a.a.,2026-05-14,105.53081591168657
11,Fund A,benchmark,100% CDI + 0% a.a.,2026-05-15,105.58716886870883
11,Fund A,benchmark,100% CDI + 0% a.a.,2026-05-18,105.64355191793732
11,Fund A,benchmark,100% CDI + 0% a.a.,2026-05-19,105.69996507545022
11,Fund A,benchmark,100% CDI + 0% a.a.,2026-05-20,105.7564083573258
11,Fund A,benchmark,100% CDI + 0% a.a.,2026-05-21,105.81288177964225
11,Fund A,benchmark,100% CDI + 0% a.a.,2026-05-22,105.86938535849771
11,Fund A,benchmark,100% CDI + 0% a.a.,2026-05-25,105.92591911000017
11,Fund A,benchmark,100% CDI + 0% a.a.,2026-05-26,105.9824830502577
11,Fund A,benchmark,100% CDI + 0% a.a.,2026-05-27,106.03907719539819
11,Fund A,benchmark,100% CDI + 0% a.a.,2026-05-28,106.09570156153963
11,Fund A,benchmark,100% CDI + 0% a.a.,2026-05-29,106.15235616482978
11,Fund A,benchmark,100% CDI + 0% a.a.,2026-06-01,106.2090410214065
11,Fund A,benchmark,100% CDI + 0% a.a.,2026-06-02,106.26575614742754
11,Fund A,benchmark,100% CDI + 0% a.a.,2026-06-03,106.32250155906051
11,Fund A,benchmark,100% CDI + 0% a.a.,2026-06-05,106.3792772724731
11,Fund A,benchmark,100% CDI + 0% a.a.,2026-06-08,106.43608330385284
11,Fund A,benchmark,100% CDI + 0% a.a.,2026-06-09,106.49291966937732
11,Fund A,benchmark,100% CDI + 0% a.a.,2026-06-10,106.54978638525394
11,Fund A,benchmark,100% CDI + 0% a.a.,2026-06-11,106.6066834676901
11,Fund A,benchmark,100% CDI + 0% a.a.,2026-06-12,106.66361093290318
11,Fund A,benchmark,100% CDI + 0% a.a.,2026-06-15,106.7205687971105
11,Fund A,benchmark,100% CDI + 0% a.a.,2026-06-16,106.77755707654927
11,Fund A,benchmark,100% CDI + 0% a.a.,2026-06-17,106.83457578745673
11,Fund A,benchmark,100% CDI + 0% a.a.,2026-06-18,106.89162494608996
11,Fund A,benchmark,100% CDI + 0% a.a.,2026-06-19,106.9477761111462
11,Fund A,benchmark,100% CDI + 0% a.a.,2026-06-22,107.00395677293797
11,Fund A,benchmark,100% CDI + 0% a.a.,2026-06-23,107.06016694694729
11,Fund A,benchmark,100% CDI + 0% a.a.,2026-06-24,107.11640664868595
11,Fund A,benchmark,100% CDI + 0% a.a.,2026-06-25,107.1726758936658
11,Fund A,benchmark,100% CDI + 0% a.a.,2026-06-26,107.2289746973986
11,Fund A,benchmark,100% CDI + 0% a.a.,2026-06-29,107.28530307541607
11,Fund A,benchmark,100% CDI + 0% a.a.,2026-06-30,107.3416610432598
11,Fund A,benchmark,100% CDI + 0% a.a.,2026-07-01,107.39804861646151
11,Fund A,benchmark,100% CDI + 0% a.a.,2026-07-02,107.45446581058268
11,Fund A,benchmark,100% CDI + 0% a.a.,2026-07-03,107.5109126411848
11,Fund A,benchmark,100% CDI + 0% a.a.,2026-07-06,107.56738912382937
11,Fund A,benchmark,100% CDI + 0% a.a.,2026-07-07,107.62389527409776
11,Fund A,benchmark,100% CDI + 0% a.a.,2026-07-08,107.68043110757135
11,Fund A,benchmark,100% CDI + 0% a.a.,2026-07-09,107.73699663984142
11,Fund A,benchmark,100% CDI + 0% a.a.,2026-07-10,107.79359188651918
11,Fund A,benchmark,100% CDI + 0% a.a.,2026-07-13,107.85021686320586
11,Fund A,benchmark,100% CDI + 0% a.a.,2026-07-14,107.90687158551265
11,Fund A,benchmark,100% CDI + 0% a.a.,2026-07-15,107.96355606907059
11,Fund A,benchmark,100% CDI + 0% a.a.,2026-07-16,108.02027032952068
11,Fund A,benchmark,100% CDI + 0% a.a.,2026-07-17,108.07701438249399
11,Fund A,benchmark,100% CDI + 0% a.a.,2026-07-20,108.13378824365135
11,Fund A,benchmark,100% CDI + 0% a.a.,2026-07-21,108.19059192864373
11,Fund A,benchmark,100% CDI + 0% a.a.,2026-07-22,108.24742545314191
11,Fund A,benchmark,100% CDI + 0% a.a.,2026-07-23,108.3042888328167
11,Fund A,benchmark,100% CDI + 0% a.a.,2026-07-24,108.36118208335878
11,Fund A,benchmark,100% CDI + 0% a.a.,2026-07-27,108.4181052204489
11,Fund A,benchmark,100% CDI + 0% a.a.,2026-07-28,108.47505825979758
11,Fund A,benchmark,100% CDI + 0% a.a.,2026-07-29,108.53204121710547
11,Fund A,benchmark,100% CDI + 0% a.a.,2026-07-30,108.58905410809304
11,Fund A,benchmark,100% CDI + 0% a.a.,2026-07-31,108.64609694848079
11,Fund A,benchmark,100% CDI + 0% a.a.,2026-08-03,108.70316975399913
11,Fund A,benchmark,100% CDI + 0% a.a.,2026-08-04,108.76027254039839
11,Fund A,benchmark,100% CDI + 0% a.a.,2026-08-05,108.81740532341891
11,Fund A,benchmark,100% CDI + 0% a.a.,2026-08-06,108.87456811882092
11,Fund A,benchmark,100% CDI + 0% a.a.,2026-08-07,108.93081319586389
11,Fund A,benchmark,100% CDI + 0% a.a.,2026-08-10,108.98708732935941
11,Fund A,benchmark,100% CDI + 0% a.a.,2026-08-11,109.04339053431248
18,Fund G,fund,Fund G,2026-01-30,100
18,Fund G,fund,Fund G,2026-02-02,100.00000000186353
18,Fund G,fund,Fund G,2026-02-03,100
18,Fund G,fund,Fund G,2026-02-04,100.00000000186353
18,Fund G,fund,Fund G,2026-02-05,100.00000000465883
18,Fund G,fund,Fund G,2026-02-06,100.0000000027953
18,Fund G,fund,Fund G,2026-02-09,100.00000000093176
18,Fund G,fund,Fund G,2026-02-10,99.99999999627293
18,Fund G,fund,Fund G,2026-02-11,99.9999999916141
18,Fund G,fund,Fund G,2026-02-12,99.9999999916141
18,Fund G,fund,Fund G,2026-02-13,99.9999999916141
18,Fund G,fund,Fund G,2026-02-18,99.9999999916141
18,Fund G,fund,Fund G,2026-02-19,99.9999999916141
18,Fund G,fund,Fund G,2026-02-20,99.99999999440941
18,Fund G,fund,Fund G,2026-02-23,99.99999999254587
18,Fund G,fund,Fund G,2026-02-24,99.99999999440941
18,Fund G,fund,Fund G,2026-02-25,99.99999999254587
18,Fund G,fund,Fund G,2026-02-26,99.99999999068234
18,Fund G,fund,Fund G,2026-02-27,99.9248357736311
18,Fund G,fund,Fund G,2026-03-02,99.9248357680405
18,Fund G,fund,Fund G,2026-03-03,99.92483576990404
18,Fund G,fund,Fund G,2026-03-04,99.9248357680405
18,Fund G,fund,Fund G,2026-03-05,99.92483576990404
18,Fund G,fund,Fund G,2026-03-06,99.9248357680405
18,Fund G,fund,Fund G,2026-03-09,99.92483576990404
18,Fund G,fund,Fund G,2026-03-10,99.9248357680405
18,Fund G,fund,Fund G,2026-03-11,99.9248357736311
18,Fund G,fund,Fund G,2026-03-12,99.92483577549463
18,Fund G,fund,Fund G,2026-03-13,99.9248357736311
18,Fund G,fund,Fund G,2026-03-16,99.92483577549463
18,Fund G,fund,Fund G,2026-03-17,99.9248357736311
18,Fund G,fund,Fund G,2026-03-18,99.92483577549463
18,Fund G,fund,Fund G,2026-03-19,99.92483577735817
18,Fund G,fund,Fund G,2026-03-20,99.92483577549463
18,Fund G,fund,Fund G,2026-03-23,99.92483577735817
18,Fund G,fund,Fund G,2026-03-24,99.9248357792217
18,Fund G,fund,Fund G,2026-03-25,99.92483578108524
18,Fund G,fund,Fund G,2026-03-26,99.92483578294876
18,Fund G,fund,Fund G,2026-03-27,99.92483578481229
18,Fund G,fund,Fund G,2026-03-30,99.92483578667583
18,Fund G,fund,Fund G,2026-03-31,110.28111628052679
18,Fund G,fund,Fund G,2026-04-01,110.28111628145855
18,Fund G,fund,Fund G,2026-04-02,110.28111628239031
18,Fund G,fund,Fund G,2026-04-06,110.28111628332208
18,Fund G,fund,Fund G,2026-04-07,110.28111628052679
18,Fund G,fund,Fund G,2026-04-08,110.28111628518562
18,Fund G,fund,Fund G,2026-04-09,110.28111628611738
18,Fund G,fund,Fund G,2026-04-10,110.28111628704914
18,Fund G,fund,Fund G,2026-04-13,110.28111628798091
18,Fund G,fund,Fund G,2026-04-14,110.28111629263975
18,Fund G,fund,Fund G,2026-04-15,110.28111629357151
18,Fund G,fund,Fund G,2026-04-16,110.28111629450328
18,Fund G,fund,Fund G,2026-04-17,110.28111629543504
18,Fund G,fund,Fund G,2026-04-20,110.2811162963668
18,Fund G,fund,Fund G,2026-04-22,110.28111629357151
18,Fund G,fund,Fund G,2026-04-23,110.28111629450328
18,Fund G,fund,Fund G,2026-04-24,110.28111629543504
18,Fund G,fund,Fund G,2026-04-27,110.2811162963668
18,Fund G,fund,Fund G,2026-04-28,110.28111629357151
18,Fund G,fund,Fund G,2026-04-29,110.28111629450328
18,Fund G,fund,Fund G,2026-04-30,110.18807767497034
18,Fund G,fund,Fund G,2026-05-04,110.18807767590211
18,Fund G,fund,Fund G,2026-05-05,110.18807767683387
18,Fund G,fund,Fund G,2026-05-06,110.18807767776565
18,Fund G,fund,Fund G,2026-05-07,110.18807767869741
18,Fund G,fund,Fund G,2026-05-08,110.18807767590211
18,Fund G,fund,Fund G,2026-05-11,110.18807767683387
18,Fund G,fund,Fund G,2026-05-12,110.18807767403858
18,Fund G,fund,Fund G,2026-05-13,110.18807767869741
18,Fund G,fund,Fund G,2026-05-14,110.18807767962917
18,Fund G,fund,Fund G,2026-05-15,110.18807768056094
18,Fund G,fund,Fund G,2026-05-18,110.1880776814927
18,Fund G,fund,Fund G,2026-05-19,110.18807768242448
18,Fund G,fund,Fund G,2026-05-20,110.18807768335624
18,Fund G,fund,Fund G,2026-05-21,110.188077684288
18,Fund G,fund,Fund G,2026-05-22,110.1880776814927
18,Fund G,fund,Fund G,2026-05-25,110.18807768242448
18,Fund G,fund,Fund G,2026-05-26,110.18807767962917
18,Fund G,fund,Fund G,2026-05-27,110.188077684288
18,Fund G,fund,Fund G,2026-05-28,110.18807768521977
18,Fund G,fund,Fund G,2026-05-29,110.08743131298164
18,Fund G,fund,Fund G,2026-06-01,110.08743131298164
18,Fund G,fund,Fund G,2026-06-02,110.08743131298164
18,Fund G,fund,Fund G,2026-06-03,110.08743131298164
18,Fund G,fund,Fund G,2026-06-05,110.08743130925457
18,Fund G,fund,Fund G,2026-06-08,110.08743131298164
18,Fund G,fund,Fund G,2026-06-09,110.08743131298164
18,Fund G,fund,Fund G,2026-06-10,110.08743131298164
18,Fund G,fund,Fund G,2026-06-11,110.08743131298164
18,Fund G,fund,Fund G,2026-06-12,110.08743130925457
18,Fund G,fund,Fund G,2026-06-15,110.08743130925457
18,Fund G,fund,Fund G,2026-06-16,110.08743130925457
18,Fund G,fund,Fund G,2026-06-17,110.08743130925457
18,Fund G,fund,Fund G,2026-06-18,110.08743130925457
18,Fund G,fund,Fund G,2026-06-19,110.08743130925457
18,Fund G,fund,Fund G,2026-06-22,110.08743130925457
18,Fund G,fund,Fund G,2026-06-23,110.08743130925457
18,Fund G,fund,Fund G,2026-06-24,110.08743131298164
18,Fund G,fund,Fund G,2026-06-25,110.08743131298164
18,Fund G,fund,Fund G,2026-06-26,110.08743131298164
18,Fund G,fund,Fund G,2026-06-29,110.08743131298164
18,Fund G,fund,Fund G,2026-06-30,109.99493003662666
18,Fund G,fund,Fund G,2026-07-01,109.9949300384902
18,Fund G,fund,Fund G,2026-07-02,109.99493003662666
18,Fund G,fund,Fund G,2026-07-03,109.99493003476313
18,Fund G,fund,Fund G,2026-07-06,109.99493003289959
18,Fund G,fund,Fund G,2026-07-07,109.99493003103606
18,Fund G,fund,Fund G,2026-07-08,109.99493003289959
18,Fund G,fund,Fund G,2026-07-09,109.99493003103606
18,Fund G,fund,Fund G,2026-07-10,109.99493003289959
18,Fund G,fund,Fund G,2026-07-13,109.99493003103606
18,Fund G,fund,Fund G,2026-07-14,109.99493003289959
18,Fund G,fund,Fund G,2026-07-15,109.99493003103606
18,Fund G,fund,Fund G,2026-07-16,109.99493003662666
18,Fund G,fund,Fund G,2026-07-17,109.9949300384902
18,Fund G,fund,Fund G,2026-07-20,109.99493003662666
18,Fund G,fund,Fund G,2026-07-21,109.9949300384902
18,Fund G,fund,Fund G,2026-07-22,109.99493003662666
18,Fund G,fund,Fund G,2026-07-23,109.99493003476313
18,Fund G,fund,Fund G,2026-07-24,109.99493003662666
18,Fund G,fund,Fund G,2026-07-27,109.99493003476313
18,Fund G,fund,Fund G,2026-07-28,109.99493003289959
18,Fund G,fund,Fund G,2026-07-29,109.99493003103606
18,Fund G,fund,Fund G,2026-07-30,109.99493003662666
18,Fund G,fund,Fund G,2026-07-31,109.89218126295417
18,Fund G,fund,Fund G,2026-08-03,109.89218126574947
18,Fund G,fund,Fund G,2026-08-04,109.89218126481771
18,Fund G,fund,Fund G,2026-08-05,109.89218126388593
18,Fund G,fund,Fund G,2026-08-06,109.89218126295417
18,Fund G,fund,Fund G,2026-08-07,109.8921812620224
18,Fund G,fund,Fund G,2026-08-10,109.89218126481771
18,Fund G,fund,Fund G,2026-08-11,109.88763041041918
18,Fund G,benchmark,100% CDI + 0% a.a.,2026-01-30,100
18,Fund G,benchmark,100% CDI + 0% a.a.,2026-02-02,100.05513106415658
18,Fund G,benchmark,100% CDI + 0% a.a.,2026-02-03,100.11029252265642
18,Fund G,benchmark,100% CDI + 0% a.a.,2026-02-04,100.16548439224825
18,Fund G,benchmark,100% CDI + 0% a.a.,2026-02-05,100.22070668971007
18,Fund G,benchmark,100% CDI + 0% a.a.,2026-02-06,100.27595943181015
18,Fund G,benchmark,100% CDI + 0% a.a.,2026-02-09,100.3312426353363
18,Fund G,benchmark,100% CDI + 0% a.a.,2026-02-10,100.38655631707631
18,Fund G,benchmark,100% CDI + 0% a.a.,2026-02-11,100.44190049383757
18,Fund G,benchmark,100% CDI + 0% a.a.,2026-02-12,100.4972751824372
18,Fund G,benchmark,100% CDI + 0% a.a.,2026-02-13,100.55268039969236
18,Fund G,benchmark,100% CDI + 0% a.a.,2026-02-18,100.60811616242997
18,Fund G,benchmark,100% CDI + 0% a.a.,2026-02-19,100.66358248749648
18,Fund G,benchmark,100% CDI + 0% a.a.,2026-02-20,100.71907939173838
18,Fund G,benchmark,100% CDI + 0% a.a.,2026-02-23,100.77460689201192
18,Fund G,benchmark,100% CDI + 0% a.a.,2026-02-24,100.83016500519291
18,Fund G,benchmark,100% CDI + 0% a.a.,2026-02-25,100.88575374814737
18,Fund G,benchmark,100% CDI + 0% a.a.,2026-02-26,100.94137313777065
18,Fund G,benchmark,100% CDI + 0% a.a.,2026-02-27,100.99702319094837
18,Fund G,benchmark,100% CDI + 0% a.a.,2026-03-02,101.0527039245954
18,Fund G,benchmark,100% CDI + 0% a.a.,2026-03-03,101.1084153556267
18,Fund G,benchmark,100% CDI + 0% a.a.,2026-03-04,101.16415750095716
18,Fund G,benchmark,100% CDI + 0% a.a.,2026-03-05,101.21993037753103
18,Fund G,benchmark,100% CDI + 0% a.a.,2026-03-06,101.27573400228277
18,Fund G,benchmark,100% CDI + 0% a.a.,2026-03-09,101.33156839216643
18,Fund G,benchmark,100% CDI + 0% a.a.,2026-03-10,101.3874335641458
18,Fund G,benchmark,100% CDI + 0% a.a.,2026-03-11,101.44332953518467
18,Fund G,benchmark,100% CDI + 0% a.a.,2026-03-12,101.49925632226642
18,Fund G,benchmark,100% CDI + 0% a.a.,2026-03-13,101.55521394238417
18,Fund G,benchmark,100% CDI + 0% a.a.,2026-03-16,101.61120241253107
18,Fund G,benchmark,100% CDI + 0% a.a.,2026-03-17,101.66722174971979
18,Fund G,benchmark,100% CDI + 0% a.a.,2026-03-18,101.72327197096303
18,Fund G,benchmark,100% CDI + 0% a.a.,2026-03-19,101.77935309329303
18,Fund G,benchmark,100% CDI + 0% a.a.,2026-03-20,101.8345849172255
18,Fund G,benchmark,100% CDI + 0% a.a.,2026-03-23,101.889846713391
18,Fund G,benchmark,100% CDI + 0% a.a.,2026-03-24,101.94513849805911
18,Fund G,benchmark,100% CDI + 0% a.a.,2026-03-25,102.00046028748967
18,Fund G,benchmark,100% CDI + 0% a.a.,2026-03-26,102.05581209797187
18,Fund G,benchmark,100% CDI + 0% a.a.,2026-03-27,102.11119394580462
18,Fund G,benchmark,100% CDI + 0% a.a.,2026-03-30,102.16660584727708
18,Fund G,benchmark,100% CDI + 0% a.a.,2026-03-31,102.22204781870775
18,Fund G,benchmark,100% CDI + 0% a.a.,2026-04-01,102.27751987640535
18,Fund G,benchmark,100% CDI + 0% a.a.,2026-04-02,102.33302203669815
18,Fund G,benchmark,100% CDI + 0% a.a.,2026-04-06,102.3885543159242
18,Fund G,benchmark,100% CDI + 0% a.a.,2026-04-07,102.44411673043132
18,Fund G,benchmark,100% CDI + 0% a.a.,2026-04-08,102.49970929656735
18,Fund G,benchmark,100% CDI + 0% a.a.,2026-04-09,102.55533203069965
18,Fund G,benchmark,100% CDI + 0% a.a.,2026-04-10,102.6109849491956
18,Fund G,benchmark,100% CDI + 0% a.a.,2026-04-13,102.66666806843237
18,Fund G,benchmark,100% CDI + 0% a.a.,2026-04-14,102.72238140480668
18,Fund G,benchmark,100% CDI + 0% a.a.,2026-04-15,102.77812497470546
18,Fund G,benchmark,100% CDI + 0% a.a.,2026-04-16,102.83389879454496
18,Fund G,benchmark,100% CDI + 0% a.a.,2026-04-17,102.88970288074148
18,Fund G,benchmark,100% CDI + 0% a.a.,2026-04-20,102.94553724971126
18,Fund G,benchmark,100% CDI + 0% a.a.,2026-04-22,103.00140191789013
18,Fund G,benchmark,100% CDI + 0% a.a.,2026-04-23,103.0572969017237
18,Fund G,benchmark,100% CDI + 0% a.a.,2026-04-24,103.11322221765755
18,Fund G,benchmark,100% CDI + 0% a.a.,2026-04-27,103.16917788215686
18,Fund G,benchmark,100% CDI + 0% a.a.,2026-04-28,103.22516391168676
18,Fund G,benchmark,100% CDI + 0% a.a.,2026-04-29,103.28118032273198
18,Fund G,benchmark,100% CDI + 0% a.a.,2026-04-30,103.33722713177723
18,Fund G,benchmark,100% CDI + 0% a.a.,2026-05-04,103.39240872275175
18,Fund G,benchmark,100% CDI + 0% a.a.,2026-05-05,103.44761978043798
18,Fund G,benchmark,100% CDI + 0% a.a.,2026-05-06,103.50286032056775
18,Fund G,benchmark,100% CDI + 0% a.a.,2026-05-07,103.5581303588827
18,Fund G,benchmark,100% CDI + 0% a.a.,2026-05-08,103.61342991113425
18,Fund G,benchmark,100% CDI + 0% a.a.,2026-05-11,103.66875899309332
18,Fund G,benchmark,100% CDI + 0% a.a.,2026-05-12,103.72411762052113
18,Fund G,benchmark,100% CDI + 0% a.a.,2026-05-13,103.77950580918862
18,Fund G,benchmark,100% CDI + 0% a.a.,2026-05-14,103.8349235748863
18,Fund G,benchmark,100% CDI + 0% a.a.,2026-05-15,103.89037093341447
18,Fund G,benchmark,100% CDI + 0% a.a.,2026-05-18,103.94584790056365
18,Fund G,benchmark,100% CDI + 0% a.a.,2026-05-19,104.00135449215367
18,Fund G,benchmark,100% CDI + 0% a.a.,2026-05-20,104.05689072400438
18,Fund G,benchmark,100% CDI + 0% a.a.,2026-05-21,104.11245661193563
18,Fund G,benchmark,100% CDI + 0% a.a.,2026-05-22,104.16805217178681
18,Fund G,benchmark,100% CDI + 0% a.a.,2026-05-25,104.22367741940711
18,Fund G,benchmark,100% CDI + 0% a.a.,2026-05-26,104.27933237064572
18,Fund G,benchmark,100% CDI + 0% a.a.,2026-05-27,104.33501704137134
18,Fund G,benchmark,100% CDI + 0% a.a.,2026-05-28,104.39073144744295
18,Fund G,benchmark,100% CDI + 0% a.a.,2026-05-29,104.44647560474883
18,Fund G,benchmark,100% CDI + 0% a.a.,2026-06-01,104.5022495291675
18,Fund G,benchmark,100% CDI + 0% a.a.,2026-06-02,104.558053236597
18,Fund G,benchmark,100% CDI + 0% a.a.,2026-06-03,104.6138867429452
18,Fund G,benchmark,100% CDI + 0% a.a.,2026-06-05,104.66975006411994
18,Fund G,benchmark,100% CDI + 0% a.a.,2026-06-08,104.7256432160486
18,Fund G,benchmark,100% CDI + 0% a.a.,2026-06-09,104.7815662146488
18,Fund G,benchmark,100% CDI + 0% a.a.,2026-06-10,104.8375190758675
18,Fund G,benchmark,100% CDI + 0% a.a.,2026-06-11,104.89350181565167
18,Fund G,benchmark,100% CDI + 0% a.a.,2026-06-12,104.94951444995802
18,Fund G,benchmark,100% CDI + 0% a.a.,2026-06-15,105.00555699474327
18,Fund G,benchmark,100% CDI + 0% a.a.,2026-06-16,105.06162946598373
18,Fund G,benchmark,100% CDI + 0% a.a.,2026-06-17,105.11773187965566
18,Fund G,benchmark,100% CDI + 0% a.a.,2026-06-18,105.17386425175492
18,Fund G,benchmark,100% CDI + 0% a.a.,2026-06-19,105.22911306113714
18,Fund G,benchmark,100% CDI + 0% a.a.,2026-06-22,105.28439089323896
18,Fund G,benchmark,100% CDI + 0% a.a.,2026-06-23,105.33969776329361
18,Fund G,benchmark,100% CDI + 0% a.a.,2026-06-24,105.39503368656362
18,Fund G,benchmark,100% CDI + 0% a.a.,2026-06-25,105.4503986783115
18,Fund G,benchmark,100% CDI + 0% a.a.,2026-06-26,105.5057927537998
18,Fund G,benchmark,100% CDI + 0% a.a.,2026-06-29,105.5612159283106
18,Fund G,benchmark,100% CDI + 0% a.a.,2026-06-30,105.61666821713577
18,Fund G,benchmark,100% CDI + 0% a.a.,2026-07-01,105.6721496355574
18,Fund G,benchmark,100% CDI + 0% a.a.,2026-07-02,105.72766019888691
18,Fund G,benchmark,100% CDI + 0% a.a.,2026-07-03,105.78319992243573
18,Fund G,benchmark,100% CDI + 0% a.a.,2026-07-06,105.83876882151526
18,Fund G,benchmark,100% CDI + 0% a.a.,2026-07-07,105.89436691145649
18,Fund G,benchmark,100% CDI + 0% a.a.,2026-07-08,105.9499942075904
18,Fund G,benchmark,100% CDI + 0% a.a.,2026-07-09,106.00565072525772
18,Fund G,benchmark,100% CDI + 0% a.a.,2026-07-10,106.06133647981879
18,Fund G,benchmark,100% CDI + 0% a.a.,2026-07-13,106.1170514866241
18,Fund G,benchmark,100% CDI + 0% a.a.,2026-07-14,106.17279576103401
18,Fund G,benchmark,100% CDI + 0% a.a.,2026-07-15,106.22856931842834
18,Fund G,benchmark,100% CDI + 0% a.a.,2026-07-16,106.28437217419673
18,Fund G,benchmark,100% CDI + 0% a.a.,2026-07-17,106.34020434371908
18,Fund G,benchmark,100% CDI + 0% a.a.,2026-07-20,106.39606584240454
18,Fund G,benchmark,100% CDI + 0% a.a.,2026-07-21,106.45195668565256
18,Fund G,benchmark,100% CDI + 0% a.a.,2026-07-22,106.5078768888821
18,Fund G,benchmark,100% CDI + 0% a.a.,2026-07-23,106.56382646751211
18,Fund G,benchmark,100% CDI + 0% a.a.,2026-07-24,106.61980543698117
18,Fund G,benchmark,100% CDI + 0% a.a.,2026-07-27,106.67581381271798
18,Fund G,benchmark,100% CDI + 0% a.a.,2026-07-28,106.73185161018064
18,Fund G,benchmark,100% CDI + 0% a.a.,2026-07-29,106.78791884481747
18,Fund G,benchmark,100% CDI + 0% a.a.,2026-07-30,106.8440155320963
18,Fund G,benchmark,100% CDI + 0% a.a.,2026-07-31,106.900141687485
18,Fund G,benchmark,100% CDI + 0% a.a.,2026-08-03,106.95629732646121
18,Fund G,benchmark,100% CDI + 0% a.a.,2026-08-04,107.01248246452214
18,Fund G,benchmark,100% CDI + 0% a.a.,2026-08-05,107.06869711715517
18,Fund G,benchmark,100% CDI + 0% a.a.,2026-08-06,107.12494129986727
18,Fund G,benchmark,100% CDI + 0% a.a.,2026-08-07,107.18028251205982
18,Fund G,benchmark,100% CDI + 0% a.a.,2026-08-10,107.23565231376436
18,Fund G,benchmark,100% CDI + 0% a.a.,2026-08-11,107.2910507197448
16,Fund E,fund,Fund E,2026-01-30,100
16,Fund E,fund,Fund E,2026-02-20,100
16,Fund E,fund,Fund E,2026-02-23,100
16,Fund E,fund,Fund E,2026-02-24,100
16,Fund E,fund,Fund E,2026-02-25,100
16,Fund E,fund,Fund E,2026-02-26,100
16,Fund E,fund,Fund E,2026-02-27,100.02418090156915
16,Fund E,fund,Fund E,2026-03-02,100.02418089788628
16,Fund E,fund,Fund E,2026-03-03,100.02418089420341
16,Fund E,fund,Fund E,2026-03-04,100.02418089052054
16,Fund E,fund,Fund E,2026-03-05,100.02418088683767
16,Fund E,fund,Fund E,2026-03-06,100.0241808831548
16,Fund E,fund,Fund E,2026-03-09,100.02418087947194
16,Fund E,fund,Fund E,2026-03-10,100.02418087578907
16,Fund E,fund,Fund E,2026-03-11,100.0241808721062
16,Fund E,fund,Fund E,2026-03-12,100.02418086842333
16,Fund E,fund,Fund E,2026-03-13,100.02418086474046
16,Fund E,fund,Fund E,2026-03-16,100.02418086105759
16,Fund E,fund,Fund E,2026-03-17,100.02418085737473
16,Fund E,fund,Fund E,2026-03-18,100.02418085369186
16,Fund E,fund,Fund E,2026-03-19,100.02418085000899
16,Fund E,fund,Fund E,2026-03-20,100.02418084632612
16,Fund E,fund,Fund E,2026-03-23,100.02418084264325
16,Fund E,fund,Fund E,2026-03-24,100.02418083896038
16,Fund E,fund,Fund E,2026-03-25,100.02418083527752
16,Fund E,fund,Fund E,2026-03-26,100.02418083159465
16,Fund E,fund,Fund E,2026-03-27,100.02418082791178
16,Fund E,fund,Fund E,2026-03-30,100.0241808242289
16,Fund E,fund,Fund E,2026-03-31,110.51230000978506
16,Fund E,fund,Fund E,2026-04-01,110.51230000518149
16,Fund E,fund,Fund E,2026-04-02,110.5123000005779
16,Fund E,fund,Fund E,2026-04-06,110.51229999597432
16,Fund E,fund,Fund E,2026-04-07,110.51229999137072
16,Fund E,fund,Fund E,2026-04-08,110.51229998676715
16,Fund E,fund,Fund E,2026-04-09,110.51229998216355
16,Fund E,fund,Fund E,2026-04-10,110.51229997755996
16,Fund E,fund,Fund E,2026-04-13,110.51229997295638
16,Fund E,fund,Fund E,2026-04-14,110.51229996835279
16,Fund E,fund,Fund E,2026-04-15,110.51229996374921
16,Fund E,fund,Fund E,2026-04-16,110.51229995914562
16,Fund E,fund,Fund E,2026-04-17,110.51229995454204
16,Fund E,fund,Fund E,2026-04-20,110.51229994993845
16,Fund E,fund,Fund E,2026-04-22,110.51229994533487
16,Fund E,fund,Fund E,2026-04-23,110.51229994073128
16,Fund E,fund,Fund E,2026-04-24,110.51229993612769
16,Fund E,fund,Fund E,2026-04-27,110.51229993152411
16,Fund E,fund,Fund E,2026-04-28,110.51229992692052
16,Fund E,fund,Fund E,2026-04-29,110.51229992231694
16,Fund E,fund,Fund E,2026-04-30,110.5301764202962
16,Fund E,fund,Fund E,2026-05-04,110.53017642121692
16,Fund E,fund,Fund E,2026-05-05,110.53017642213764
16,Fund E,fund,Fund E,2026-05-06,110.53017642305835
16,Fund E,fund,Fund E,2026-05-07,110.53017642397907
16,Fund E,fund,Fund E,2026-05-08,110.53017642489979
16,Fund E,fund,Fund E,2026-05-11,110.53017642582051
16,Fund E,fund,Fund E,2026-05-12,110.53017642674122
16,Fund E,fund,Fund E,2026-05-13,110.53017642766194
16,Fund E,fund,Fund E,2026-05-14,110.53017642858266
16,Fund E,fund,Fund E,2026-05-15,110.53017642950337
16,Fund E,fund,Fund E,2026-05-18,110.53017643042409
16,Fund E,fund,Fund E,2026-05-19,110.53017643134481
16,Fund E,fund,Fund E,2026-05-20,110.53017643226553
16,Fund E,fund,Fund E,2026-05-21,110.53017643318624
16,Fund E,fund,Fund E,2026-05-22,110.53017643410696
16,Fund E,fund,Fund E,2026-05-25,110.53017643502768
16,Fund E,fund,Fund E,2026-05-26,110.53017643594839
16,Fund E,fund,Fund E,2026-05-27,110.53017643686911
16,Fund E,fund,Fund E,2026-05-28,110.53017643778983
16,Fund E,fund,Fund E,2026-05-29,110.53966352213516
16,Fund E,fund,Fund E,2026-06-01,110.53966351845229
16,Fund E,fund,Fund E,2026-06-02,110.53966351476942
16,Fund E,fund,Fund E,2026-06-03,110.53966351476942
16,Fund E,fund,Fund E,2026-06-05,110.53966351108654
16,Fund E,fund,Fund E,2026-06-08,110.53966350740367
16,Fund E,fund,Fund E,2026-06-09,110.5396635037208
16,Fund E,fund,Fund E,2026-06-10,110.53966350003795
16,Fund E,fund,Fund E,2026-06-11,110.53966349635508
16,Fund E,fund,Fund E,2026-06-12,110.5396634926722
16,Fund E,fund,Fund E,2026-06-15,110.53966348898933
16,Fund E,fund,Fund E,2026-06-16,110.53966348530646
16,Fund E,fund,Fund E,2026-06-17,110.53966348162359
16,Fund E,fund,Fund E,2026-06-18,110.53966347794072
16,Fund E,fund,Fund E,2026-06-19,110.53966347425786
16,Fund E,fund,Fund E,2026-06-22,110.539663470575
16,Fund E,fund,Fund E,2026-06-23,110.53966346689212
16,Fund E,fund,Fund E,2026-06-24,110.53966346320925
16,Fund E,fund,Fund E,2026-06-25,110.53966345952638
16,Fund E,fund,Fund E,2026-06-26,110.53966345584351
16,Fund E,fund,Fund E,2026-06-29,110.53966345216065
16,Fund E,fund,Fund E,2026-06-30,110.56286645727229
16,Fund E,fund,Fund E,2026-07-01,110.56286646003444
16,Fund E,fund,Fund E,2026-07-02,110.5628664627966
16,Fund E,fund,Fund E,2026-07-03,110.56286646555876
16,Fund E,fund,Fund E,2026-07-06,110.5628664683209
16,Fund E,fund,Fund E,2026-07-07,110.56286647108305
16,Fund E,fund,Fund E,2026-07-08,110.5628664738452
16,Fund E,fund,Fund E,2026-07-09,110.56286647660735
16,Fund E,fund,Fund E,2026-07-10,110.5628664793695
16,Fund E,fund,Fund E,2026-07-13,110.56286648213165
16,Fund E,fund,Fund E,2026-07-14,110.56286648489382
16,Fund E,fund,Fund E,2026-07-15,110.56286648765597
16,Fund E,fund,Fund E,2026-07-16,110.56286649041812
16,Fund E,fund,Fund E,2026-07-17,110.56286649318027
16,Fund E,fund,Fund E,2026-07-20,110.56286649594242
16,Fund E,fund,Fund E,2026-07-21,110.56286649870457
16,Fund E,fund,Fund E,2026-07-22,110.56286650146671
16,Fund E,fund,Fund E,2026-07-23,110.56286650422888
16,Fund E,fund,Fund E,2026-07-24,110.56286650699103
16,Fund E,fund,Fund E,2026-07-27,110.56286650975318
16,Fund E,fund,Fund E,2026-07-28,110.56286651251533
16,Fund E,fund,Fund E,2026-07-29,110.56286651527748
16,Fund E,fund,Fund E,2026-07-30,110.56286651803963
16,Fund E,fund,Fund E,2026-07-31,110.58686071566241
16,Fund E,fund,Fund E,2026-08-03,110.58686071105882
16,Fund E,fund,Fund E,2026-08-04,110.58686070645524
16,Fund E,fund,Fund E,2026-08-05,110.58686070185165
16,Fund E,fund,Fund E,2026-08-06,110.58686069724807
16,Fund E,fund,Fund E,2026-08-07,110.58686069264448
16,Fund E,fund,Fund E,2026-08-10,110.5868606880409
16,Fund E,fund,Fund E,2026-08-11,110.58782107798233
16,Fund E,benchmark,100% CDI + 0% a.a.,2026-01-30,100
16,Fund E,benchmark,100% CDI + 0% a.a.,2026-02-02,100.05513106415658
16,Fund E,benchmark,100% CDI + 0% a.a.,2026-02-03,100.11029252265642
16,Fund E,benchmark,100% CDI + 0% a.a.,2026-02-04,100.16548439224825
16,Fund E,benchmark,100% CDI + 0% a.a.,2026-02-05,100.22070668971007
16,Fund E,benchmark,100% CDI + 0% a.a.,2026-02-06,100.27595943181015
16,Fund E,benchmark,100% CDI + 0% a.a.,2026-02-09,100.3312426353363
16,Fund E,benchmark,100% CDI + 0% a.a.,2026-02-10,100.38655631707631
16,Fund E,benchmark,100% CDI + 0% a.a.,2026-02-11,100.44190049383757
16,Fund E,benchmark,100% CDI + 0% a.a.,2026-02-12,100.4972751824372
16,Fund E,benchmark,100% CDI + 0% a.a.,2026-02-13,100.55268039969236
16,Fund E,benchmark,100% CDI + 0% a.a.,2026-02-18,100.60811616242997
16,Fund E,benchmark,100% CDI + 0% a.a.,2026-02-19,100.66358248749648
16,Fund E,benchmark,100% CDI + 0% a.a.,2026-02-20,100.71907939173838
16,Fund E,benchmark,100% CDI + 0% a.a.,2026-02-23,100.77460689201192
16,Fund E,benchmark,100% CDI + 0% a.a.,2026-02-24,100.83016500519291
16,Fund E,benchmark,100% CDI + 0% a.a.,2026-02-25,100.88575374814737
16,Fund E,benchmark,100% CDI + 0% a.a.,2026-02-26,100.94137313777065
16,Fund E,benchmark,100% CDI + 0% a.a.,2026-02-27,100.99702319094837
16,Fund E,benchmark,100% CDI + 0% a.a.,2026-03-02,101.0527039245954
16,Fund E,benchmark,100% CDI + 0% a.a.,2026-03-03,101.1084153556267
16,Fund E,benchmark,100% CDI + 0% a.a.,2026-03-04,101.16415750095716
16,Fund E,benchmark,100% CDI + 0% a.a.,2026-03-05,101.21993037753103
16,Fund E,benchmark,100% CDI + 0% a.a.,2026-03-06,101.27573400228277
16,Fund E,benchmark,100% CDI + 0% a.a.,2026-03-09,101.33156839216643
16,Fund E,benchmark,100% CDI + 0% a.a.,2026-03-10,101.3874335641458
16,Fund E,benchmark,100% CDI + 0% a.a.,2026-03-11,101.44332953518467
16,Fund E,benchmark,100% CDI + 0% a.a.,2026-03-12,101.49925632226642
16,Fund E,benchmark,100% CDI + 0% a.a.,2026-03-13,101.55521394238417
16,Fund E,benchmark,100% CDI + 0% a.a.,2026-03-16,101.61120241253107
16,Fund E,benchmark,100% CDI + 0% a.a.,2026-03-17,101.66722174971979
16,Fund E,benchmark,100% CDI + 0% a.a.,2026-03-18,101.72327197096303
16,Fund E,benchmark,100% CDI + 0% a.a.,2026-03-19,101.77935309329303
16,Fund E,benchmark,100% CDI + 0% a.a.,2026-03-20,101.8345849172255
16,Fund E,benchmark,100% CDI + 0% a.a.,2026-03-23,101.889846713391
16,Fund E,benchmark,100% CDI + 0% a.a.,2026-03-24,101.94513849805911
16,Fund E,benchmark,100% CDI + 0% a.a.,2026-03-25,102.00046028748967
16,Fund E,benchmark,100% CDI + 0% a.a.,2026-03-26,102.05581209797187
16,Fund E,benchmark,100% CDI + 0% a.a.,2026-03-27,102.11119394580462
16,Fund E,benchmark,100% CDI + 0% a.a.,2026-03-30,102.16660584727708
16,Fund E,benchmark,100% CDI + 0% a.a.,2026-03-31,102.22204781870775
16,Fund E,benchmark,100% CDI + 0% a.a.,2026-04-01,102.27751987640535
16,Fund E,benchmark,100% CDI + 0% a.a.,2026-04-02,102.33302203669815
16,Fund E,benchmark,100% CDI + 0% a.a.,2026-04-06,102.3885543159242
16,Fund E,benchmark,100% CDI + 0% a.a.,2026-04-07,102.44411673043132
16,Fund E,benchmark,100% CDI + 0% a.a.,2026-04-08,102.49970929656735
16,Fund E,benchmark,100% CDI + 0% a.a.,2026-04-09,102.55533203069965
16,Fund E,benchmark,100% CDI + 0% a.a.,2026-04-10,102.6109849491956
16,Fund E,benchmark,100% CDI + 0% a.a.,2026-04-13,102.66666806843237
16,Fund E,benchmark,100% CDI + 0% a.a.,2026-04-14,102.72238140480668
16,Fund E,benchmark,100% CDI + 0% a.a.,2026-04-15,102.77812497470546
16,Fund E,benchmark,100% CDI + 0% a.a.,2026-04-16,102.83389879454496
16,Fund E,benchmark,100% CDI + 0% a.a.,2026-04-17,102.88970288074148
16,Fund E,benchmark,100% CDI + 0% a.a.,2026-04-20,102.94553724971126
16,Fund E,benchmark,100% CDI + 0% a.a.,2026-04-22,103.00140191789013
16,Fund E,benchmark,100% CDI + 0% a.a.,2026-04-23,103.0572969017237
16,Fund E,benchmark,100% CDI + 0% a.a.,2026-04-24,103.11322221765755
16,Fund E,benchmark,100% CDI + 0% a.a.,2026-04-27,103.16917788215686
16,Fund E,benchmark,100% CDI + 0% a.a.,2026-04-28,103.22516391168676
16,Fund E,benchmark,100% CDI + 0% a.a.,2026-04-29,103.28118032273198
16,Fund E,benchmark,100% CDI + 0% a.a.,2026-04-30,103.33722713177723
16,Fund E,benchmark,100% CDI + 0% a.a.,2026-05-04,103.39240872275175
16,Fund E,benchmark,100% CDI + 0% a.a.,2026-05-05,103.44761978043798
16,Fund E,benchmark,100% CDI + 0% a.a.,2026-05-06,103.50286032056775
16,Fund E,benchmark,100% CDI + 0% a.a.,2026-05-07,103.5581303588827
16,Fund E,benchmark,100% CDI + 0% a.a.,2026-05-08,103.61342991113425
16,Fund E,benchmark,100% CDI + 0% a.a.,2026-05-11,103.66875899309332
16,Fund E,benchmark,100% CDI + 0% a.a.,2026-05-12,103.72411762052113
16,Fund E,benchmark,100% CDI + 0% a.a.,2026-05-13,103.77950580918862
16,Fund E,benchmark,100% CDI + 0% a.a.,2026-05-14,103.8349235748863
16,Fund E,benchmark,100% CDI + 0% a.a.,2026-05-15,103.89037093341447
16,Fund E,benchmark,100% CDI + 0% a.a.,2026-05-18,103.94584790056365
16,Fund E,benchmark,100% CDI + 0% a.a.,2026-05-19,104.00135449215367
16,Fund E,benchmark,100% CDI + 0% a.a.,2026-05-20,104.05689072400438
16,Fund E,benchmark,100% CDI + 0% a.a.,2026-05-21,104.11245661193563
16,Fund E,benchmark,100% CDI + 0% a.a.,2026-05-22,104.16805217178681
16,Fund E,benchmark,100% CDI + 0% a.a.,2026-05-25,104.22367741940711
16,Fund E,benchmark,100% CDI + 0% a.a.,2026-05-26,104.27933237064572
16,Fund E,benchmark,100% CDI + 0% a.a.,2026-05-27,104.33501704137134
16,Fund E,benchmark,100% CDI + 0% a.a.,2026-05-28,104.39073144744295
16,Fund E,benchmark,100% CDI + 0% a.a.,2026-05-29,104.44647560474883
16,Fund E,benchmark,100% CDI + 0% a.a.,2026-06-01,104.5022495291675
16,Fund E,benchmark,100% CDI + 0% a.a.,2026-06-02,104.558053236597
16,Fund E,benchmark,100% CDI + 0% a.a.,2026-06-03,104.6138867429452
16,Fund E,benchmark,100% CDI + 0% a.a.,2026-06-05,104.66975006411994
16,Fund E,benchmark,100% CDI + 0% a.a.,2026-06-08,104.7256432160486
16,Fund E,benchmark,100% CDI + 0% a.a.,2026-06-09,104.7815662146488
16,Fund E,benchmark,100% CDI + 0% a.a.,2026-06-10,104.8375190758675
16,Fund E,benchmark,100% CDI + 0% a.a.,2026-06-11,104.89350181565167
16,Fund E,benchmark,100% CDI + 0% a.a.,2026-06-12,104.94951444995802
16,Fund E,benchmark,100% CDI + 0% a.a.,2026-06-15,105.00555699474327
16,Fund E,benchmark,100% CDI + 0% a.a.,2026-06-16,105.06162946598373
16,Fund E,benchmark,100% CDI + 0% a.a.,2026-06-17,105.11773187965566
16,Fund E,benchmark,100% CDI + 0% a.a.,2026-06-18,105.17386425175492
16,Fund E,benchmark,100% CDI + 0% a.a.,2026-06-19,105.22911306113714
16,Fund E,benchmark,100% CDI + 0% a.a.,2026-06-22,105.28439089323896
16,Fund E,benchmark,100% CDI + 0% a.a.,2026-06-23,105.33969776329361
16,Fund E,benchmark,100% CDI + 0% a.a.,2026-06-24,105.39503368656362
16,Fund E,benchmark,100% CDI + 0% a.a.,2026-06-25,105.4503986783115
16,Fund E,benchmark,100% CDI + 0% a.a.,2026-06-26,105.5057927537998
16,Fund E,benchmark,100% CDI + 0% a.a.,2026-06-29,105.5612159283106
16,Fund E,benchmark,100% CDI + 0% a.a.,2026-06-30,105.61666821713577
16,Fund E,benchmark,100% CDI + 0% a.a.,2026-07-01,105.6721496355574
16,Fund E,benchmark,100% CDI + 0% a.a.,2026-07-02,105.72766019888691
16,Fund E,benchmark,100% CDI + 0% a.a.,2026-07-03,105.78319992243573
16,Fund E,benchmark,100% CDI + 0% a.a.,2026-07-06,105.83876882151526
16,Fund E,benchmark,100% CDI + 0% a.a.,2026-07-07,105.89436691145649
16,Fund E,benchmark,100% CDI + 0% a.a.,2026-07-08,105.9499942075904
16,Fund E,benchmark,100% CDI + 0% a.a.,2026-07-09,106.00565072525772
16,Fund E,benchmark,100% CDI + 0% a.a.,2026-07-10,106.06133647981879
16,Fund E,benchmark,100% CDI + 0% a.a.,2026-07-13,106.1170514866241
16,Fund E,benchmark,100% CDI + 0% a.a.,2026-07-14,106.17279576103401
16,Fund E,benchmark,100% CDI + 0% a.a.,2026-07-15,106.22856931842834
16,Fund E,benchmark,100% CDI + 0% a.a.,2026-07-16,106.28437217419673
16,Fund E,benchmark,100% CDI + 0% a.a.,2026-07-17,106.34020434371908
16,Fund E,benchmark,100% CDI + 0% a.a.,2026-07-20,106.39606584240454
16,Fund E,benchmark,100% CDI + 0% a.a.,2026-07-21,106.45195668565256
16,Fund E,benchmark,100% CDI + 0% a.a.,2026-07-22,106.5078768888821
16,Fund E,benchmark,100% CDI + 0% a.a.,2026-07-23,106.56382646751211
16,Fund E,benchmark,100% CDI + 0% a.a.,2026-07-24,106.61980543698117
16,Fund E,benchmark,100% CDI + 0% a.a.,2026-07-27,106.67581381271798
16,Fund E,benchmark,100% CDI + 0% a.a.,2026-07-28,106.73185161018064
16,Fund E,benchmark,100% CDI + 0% a.a.,2026-07-29,106.78791884481747
16,Fund E,benchmark,100% CDI + 0% a.a.,2026-07-30,106.8440155320963
16,Fund E,benchmark,100% CDI + 0% a.a.,2026-07-31,106.900141687485
16,Fund E,benchmark,100% CDI + 0% a.a.,2026-08-03,106.95629732646121
16,Fund E,benchmark,100% CDI + 0% a.a.,2026-08-04,107.01248246452214
16,Fund E,benchmark,100% CDI + 0% a.a.,2026-08-05,107.06869711715517
16,Fund E,benchmark,100% CDI + 0% a.a.,2026-08-06,107.12494129986727
16,Fund E,benchmark,100% CDI + 0% a.a.,2026-08-07,107.18028251205982
16,Fund E,benchmark,100% CDI + 0% a.a.,2026-08-10,107.23565231376436
16,Fund E,benchmark,100% CDI + 0% a.a.,2026-08-11,107.2910507197448
17,Fund F,fund,Fund F,2026-01-30,100
17,Fund F,fund,Fund F,2026-02-02,99.99999999815857
17,Fund F,fund,Fund F,2026-02-03,99.99999999631713
17,Fund F,fund,Fund F,2026-02-04,99.9999999944757
17,Fund F,fund,Fund F,2026-02-05,99.99999999263426
17,Fund F,fund,Fund F,2026-02-06,99.9999999944757
17,Fund F,fund,Fund F,2026-02-09,99.99999999631713
17,Fund F,fund,Fund F,2026-02-10,99.99999999815857
17,Fund F,fund,Fund F,2026-02-11,100
17,Fund F,fund,Fund F,2026-02-12,100.00000000184143
17,Fund F,fund,Fund F,2026-02-13,100.00000000368287
17,Fund F,fund,Fund F,2026-02-18,100.0000000055243
17,Fund F,fund,Fund F,2026-02-19,100.00000000736574
17,Fund F,fund,Fund F,2026-02-20,100.00000000920717
17,Fund F,fund,Fund F,2026-02-23,100.00000001104861
17,Fund F,fund,Fund F,2026-02-24,100.00000001289004
17,Fund F,fund,Fund F,2026-02-25,100.00000001473147
17,Fund F,fund,Fund F,2026-02-26,100.00000001657291
17,Fund F,fund,Fund F,2026-02-27,100.02418092459197
17,Fund F,fund,Fund F,2026-03-02,100.02418092367125
17,Fund F,fund,Fund F,2026-03-03,100.02418091906767
17,Fund F,fund,Fund F,2026-03-04,100.02418092182982
17,Fund F,fund,Fund F,2026-03-05,100.02418092735412
17,Fund F,fund,Fund F,2026-03-06,100.02418093011627
17,Fund F,fund,Fund F,2026-03-09,100.02418093287844
17,Fund F,fund,Fund F,2026-03-10,100.02418093195772
17,Fund F,fund,Fund F,2026-03-11,100.024180931037
17,Fund F,fund,Fund F,2026-03-12,100.02418093379914
17,Fund F,fund,Fund F,2026-03-13,100.02418093287844
17,Fund F,fund,Fund F,2026-03-16,100.02418093840274
17,Fund F,fund,Fund F,2026-03-17,100.02418094116489
17,Fund F,fund,Fund F,2026-03-18,100.02418094392704
17,Fund F,fund,Fund F,2026-03-19,100.02418093932344
17,Fund F,fund,Fund F,2026-03-20,100.02418093471987
17,Fund F,fund,Fund F,2026-03-23,100.02418093379914
17,Fund F,fund,Fund F,2026-03-24,100.02418093287844
17,Fund F,fund,Fund F,2026-03-25,100.02418093195772
17,Fund F,fund,Fund F,2026-03-26,100.02418092735412
17,Fund F,fund,Fund F,2026-03-27,100.02418093011627
17,Fund F,fund,Fund F,2026-03-30,100.02418093287844
17,Fund F,fund,Fund F,2026-03-31,110.51230015278415
17,Fund F,fund,Fund F,2026-04-01,110.51230015370486
17,Fund F,fund,Fund F,2026-04-02,110.51230015462558
17,Fund F,fund,Fund F,2026-04-06,110.51230015278415
17,Fund F,fund,Fund F,2026-04-07,110.51230015370486
17,Fund F,fund,Fund F,2026-04-08,110.51230015462558
17,Fund F,fund,Fund F,2026-04-09,110.5123001555463
17,Fund F,fund,Fund F,2026-04-10,110.51230016014988
17,Fund F,fund,Fund F,2026-04-13,110.5123001610706
17,Fund F,fund,Fund F,2026-04-14,110.51230016199132
17,Fund F,fund,Fund F,2026-04-15,110.51230016291203
17,Fund F,fund,Fund F,2026-04-16,110.5123001610706
17,Fund F,fund,Fund F,2026-04-17,110.51230016199132
17,Fund F,fund,Fund F,2026-04-20,110.51230016291203
17,Fund F,fund,Fund F,2026-04-22,110.5123001610706
17,Fund F,fund,Fund F,2026-04-23,110.51230016199132
17,Fund F,fund,Fund F,2026-04-24,110.51230016291203
17,Fund F,fund,Fund F,2026-04-27,110.51230016383275
17,Fund F,fund,Fund F,2026-04-28,110.51230016843634
17,Fund F,fund,Fund F,2026-04-29,110.51230016935705
17,Fund F,fund,Fund F,2026-04-30,110.53017664800488
17,Fund F,fund,Fund F,2026-05-04,110.53017664432201
17,Fund F,fund,Fund F,2026-05-05,110.53017664432201
17,Fund F,fund,Fund F,2026-05-06,110.53017664800488
17,Fund F,fund,Fund F,2026-05-07,110.53017664800488
17,Fund F,fund,Fund F,2026-05-08,110.53017664800488
17,Fund F,fund,Fund F,2026-05-11,110.53017664800488
17,Fund F,fund,Fund F,2026-05-12,110.53017664800488
17,Fund F,fund,Fund F,2026-05-13,110.53017664800488
17,Fund F,fund,Fund F,2026-05-14,110.53017664800488
17,Fund F,fund,Fund F,2026-05-15,110.53017665168775
17,Fund F,fund,Fund F,2026-05-18,110.53017665168775
17,Fund F,fund,Fund F,2026-05-19,110.53017665168775
17,Fund F,fund,Fund F,2026-05-20,110.53017665537061
17,Fund F,fund,Fund F,2026-05-21,110.53017665537061
17,Fund F,fund,Fund F,2026-05-22,110.53017665905348
17,Fund F,fund,Fund F,2026-05-25,110.53017665905348
17,Fund F,fund,Fund F,2026-05-26,110.53017666273635
17,Fund F,fund,Fund F,2026-05-27,110.53017666273635
17,Fund F,fund,Fund F,2026-05-28,110.53017665905348
17,Fund F,fund,Fund F,2026-05-29,110.53966378022942
17,Fund F,fund,Fund F,2026-06-01,110.53966377838798
17,Fund F,fund,Fund F,2026-06-02,110.53966378022942
17,Fund F,fund,Fund F,2026-06-03,110.53966378207085
17,Fund F,fund,Fund F,2026-06-05,110.53966378391227
17,Fund F,fund,Fund F,2026-06-08,110.53966378575372
17,Fund F,fund,Fund F,2026-06-09,110.53966378759515
17,Fund F,fund,Fund F,2026-06-10,110.53966378575372
17,Fund F,fund,Fund F,2026-06-11,110.53966378759515
17,Fund F,fund,Fund F,2026-06-12,110.53966378943659
17,Fund F,fund,Fund F,2026-06-15,110.53966378759515
17,Fund F,fund,Fund F,2026-06-16,110.53966378943659
17,Fund F,fund,Fund F,2026-06-17,110.53966379127802
17,Fund F,fund,Fund F,2026-06-18,110.53966379311946
17,Fund F,fund,Fund F,2026-06-19,110.53966379496089
17,Fund F,fund,Fund F,2026-06-22,110.53966379680232
17,Fund F,fund,Fund F,2026-06-23,110.53966379864376
17,Fund F,fund,Fund F,2026-06-24,110.53966380048519
17,Fund F,fund,Fund F,2026-06-25,110.53966380232663
17,Fund F,fund,Fund F,2026-06-26,110.53966380416806
17,Fund F,fund,Fund F,2026-06-29,110.5396638060095
17,Fund F,fund,Fund F,2026-06-30,110.56286678074217
17,Fund F,fund,Fund F,2026-07-01,110.56286678074217
17,Fund F,fund,Fund F,2026-07-02,110.56286678074217
17,Fund F,fund,Fund F,2026-07-03,110.56286678442504
17,Fund F,fund,Fund F,2026-07-06,110.56286678442504
17,Fund F,fund,Fund F,2026-07-07,110.56286678442504
17,Fund F,fund,Fund F,2026-07-08,110.56286678810791
17,Fund F,fund,Fund F,2026-07-09,110.56286678442504
17,Fund F,fund,Fund F,2026-07-10,110.56286678810791
17,Fund F,fund,Fund F,2026-07-13,110.56286679179078
17,Fund F,fund,Fund F,2026-07-14,110.56286679179078
17,Fund F,fund,Fund F,2026-07-15,110.56286679179078
17,Fund F,fund,Fund F,2026-07-16,110.56286679179078
17,Fund F,fund,Fund F,2026-07-17,110.56286679179078
17,Fund F,fund,Fund F,2026-07-20,110.56286679547365
17,Fund F,fund,Fund F,2026-07-21,110.56286679915652
17,Fund F,fund,Fund F,2026-07-22,110.56286679915652
17,Fund F,fund,Fund F,2026-07-23,110.56286679915652
17,Fund F,fund,Fund F,2026-07-24,110.56286679915652
17,Fund F,fund,Fund F,2026-07-27,110.56286679915652
17,Fund F,fund,Fund F,2026-07-28,110.56286679915652
17,Fund F,fund,Fund F,2026-07-29,110.56286679547365
17,Fund F,fund,Fund F,2026-07-30,110.56286679179078
17,Fund F,fund,Fund F,2026-07-31,110.58686101519851
17,Fund F,fund,Fund F,2026-08-03,110.58686101427779
17,Fund F,fund,Fund F,2026-08-04,110.58686101980209
17,Fund F,fund,Fund F,2026-08-05,110.5868610253264
17,Fund F,fund,Fund F,2026-08-06,110.58686102440568
17,Fund F,fund,Fund F,2026-08-07,110.58686102348496
17,Fund F,fund,Fund F,2026-08-10,110.58686101888138
17,Fund F,fund,Fund F,2026-08-11,110.58782139593295
17,Fund F,benchmark,100% CDI + 0% a.a.,2026-01-30,100
17,Fund F,benchmark,100% CDI + 0% a.a.,2026-02-02,100.05513106415658
17,Fund F,benchmark,100% CDI + 0% a.a.,2026-02-03,100.11029252265642
17,Fund F,benchmark,100% CDI + 0% a.a.,2026-02-04,100.16548439224825
17,Fund F,benchmark,100% CDI + 0% a.a.,2026-02-05,100.22070668971007
17,Fund F,benchmark,100% CDI + 0% a.a.,2026-02-06,100.27595943181015
17,Fund F,benchmark,100% CDI + 0% a.a.,2026-02-09,100.3312426353363
17,Fund F,benchmark,100% CDI + 0% a.a.,2026-02-10,100.38655631707631
17,Fund F,benchmark,100% CDI + 0% a.a.,2026-02-11,100.44190049383757
17,Fund F,benchmark,100% CDI + 0% a.a.,2026-02-12,100.4972751824372
17,Fund F,benchmark,100% CDI + 0% a.a.,2026-02-13,100.55268039969236
17,Fund F,benchmark,100% CDI + 0% a.a.,2026-02-18,100.60811616242997
17,Fund F,benchmark,100% CDI + 0% a.a.,2026-02-19,100.66358248749648
17,Fund F,benchmark,100% CDI + 0% a.a.,2026-02-20,100.71907939173838
17,Fund F,benchmark,100% CDI + 0% a.a.,2026-02-23,100.77460689201192
17,Fund F,benchmark,100% CDI + 0% a.a.,2026-02-24,100.83016500519291
17,Fund F,benchmark,100% CDI + 0% a.a.,2026-02-25,100.88575374814737
17,Fund F,benchmark,100% CDI + 0% a.a.,2026-02-26,100.94137313777065
17,Fund F,benchmark,100% CDI + 0% a.a.,2026-02-27,100.99702319094837
17,Fund F,benchmark,100% CDI + 0% a.a.,2026-03-02,101.0527039245954
17,Fund F,benchmark,100% CDI + 0% a.a.,2026-03-03,101.1084153556267
17,Fund F,benchmark,100% CDI + 0% a.a.,2026-03-04,101.16415750095716
17,Fund F,benchmark,100% CDI + 0% a.a.,2026-03-05,101.21993037753103
17,Fund F,benchmark,100% CDI + 0% a.a.,2026-03-06,101.27573400228277
17,Fund F,benchmark,100% CDI + 0% a.a.,2026-03-09,101.33156839216643
17,Fund F,benchmark,100% CDI + 0% a.a.,2026-03-10,101.3874335641458
17,Fund F,benchmark,100% CDI + 0% a.a.,2026-03-11,101.44332953518467
17,Fund F,benchmark,100% CDI + 0% a.a.,2026-03-12,101.49925632226642
17,Fund F,benchmark,100% CDI + 0% a.a.,2026-03-13,101.55521394238417
17,Fund F,benchmark,100% CDI + 0% a.a.,2026-03-16,101.61120241253107
17,Fund F,benchmark,100% CDI + 0% a.a.,2026-03-17,101.66722174971979
17,Fund F,benchmark,100% CDI + 0% a.a.,2026-03-18,101.72327197096303
17,Fund F,benchmark,100% CDI + 0% a.a.,2026-03-19,101.77935309329303
17,Fund F,benchmark,100% CDI + 0% a.a.,2026-03-20,101.8345849172255
17,Fund F,benchmark,100% CDI + 0% a.a.,2026-03-23,101.889846713391
17,Fund F,benchmark,100% CDI + 0% a.a.,2026-03-24,101.94513849805911
17,Fund F,benchmark,100% CDI + 0% a.a.,2026-03-25,102.00046028748967
17,Fund F,benchmark,100% CDI + 0% a.a.,2026-03-26,102.05581209797187
17,Fund F,benchmark,100% CDI + 0% a.a.,2026-03-27,102.11119394580462
17,Fund F,benchmark,100% CDI + 0% a.a.,2026-03-30,102.16660584727708
17,Fund F,benchmark,100% CDI + 0% a.a.,2026-03-31,102.22204781870775
17,Fund F,benchmark,100% CDI + 0% a.a.,2026-04-01,102.27751987640535
17,Fund F,benchmark,100% CDI + 0% a.a.,2026-04-02,102.33302203669815
17,Fund F,benchmark,100% CDI + 0% a.a.,2026-04-06,102.3885543159242
17,Fund F,benchmark,100% CDI + 0% a.a.,2026-04-07,102.44411673043132
17,Fund F,benchmark,100% CDI + 0% a.a.,2026-04-08,102.49970929656735
17,Fund F,benchmark,100% CDI + 0% a.a.,2026-04-09,102.55533203069965
17,Fund F,benchmark,100% CDI + 0% a.a.,2026-04-10,102.6109849491956
17,Fund F,benchmark,100% CDI + 0% a.a.,2026-04-13,102.66666806843237
17,Fund F,benchmark,100% CDI + 0% a.a.,2026-04-14,102.72238140480668
17,Fund F,benchmark,100% CDI + 0% a.a.,2026-04-15,102.77812497470546
17,Fund F,benchmark,100% CDI + 0% a.a.,2026-04-16,102.83389879454496
17,Fund F,benchmark,100% CDI + 0% a.a.,2026-04-17,102.88970288074148
17,Fund F,benchmark,100% CDI + 0% a.a.,2026-04-20,102.94553724971126
17,Fund F,benchmark,100% CDI + 0% a.a.,2026-04-22,103.00140191789013
17,Fund F,benchmark,100% CDI + 0% a.a.,2026-04-23,103.0572969017237
17,Fund F,benchmark,100% CDI + 0% a.a.,2026-04-24,103.11322221765755
17,Fund F,benchmark,100% CDI + 0% a.a.,2026-04-27,103.16917788215686
17,Fund F,benchmark,100% CDI + 0% a.a.,2026-04-28,103.22516391168676
17,Fund F,benchmark,100% CDI + 0% a.a.,2026-04-29,103.28118032273198
17,Fund F,benchmark,100% CDI + 0% a.a.,2026-04-30,103.33722713177723
17,Fund F,benchmark,100% CDI + 0% a.a.,2026-05-04,103.39240872275175
17,Fund F,benchmark,100% CDI + 0% a.a.,2026-05-05,103.44761978043798
17,Fund F,benchmark,100% CDI + 0% a.a.,2026-05-06,103.50286032056775
17,Fund F,benchmark,100% CDI + 0% a.a.,2026-05-07,103.5581303588827
17,Fund F,benchmark,100% CDI + 0% a.a.,2026-05-08,103.61342991113425
17,Fund F,benchmark,100% CDI + 0% a.a.,2026-05-11,103.66875899309332
17,Fund F,benchmark,100% CDI + 0% a.a.,2026-05-12,103.72411762052113
17,Fund F,benchmark,100% CDI + 0% a.a.,2026-05-13,103.77950580918862
17,Fund F,benchmark,100% CDI + 0% a.a.,2026-05-14,103.8349235748863
17,Fund F,benchmark,100% CDI + 0% a.a.,2026-05-15,103.89037093341447
17,Fund F,benchmark,100% CDI + 0% a.a.,2026-05-18,103.94584790056365
17,Fund F,benchmark,100% CDI + 0% a.a.,2026-05-19,104.00135449215367
17,Fund F,benchmark,100% CDI + 0% a.a.,2026-05-20,104.05689072400438
17,Fund F,benchmark,100% CDI + 0% a.a.,2026-05-21,104.11245661193563
17,Fund F,benchmark,100% CDI + 0% a.a.,2026-05-22,104.16805217178681
17,Fund F,benchmark,100% CDI + 0% a.a.,2026-05-25,104.22367741940711
17,Fund F,benchmark,100% CDI + 0% a.a.,2026-05-26,104.27933237064572
17,Fund F,benchmark,100% CDI + 0% a.a.,2026-05-27,104.33501704137134
17,Fund F,benchmark,100% CDI + 0% a.a.,2026-05-28,104.39073144744295
17,Fund F,benchmark,100% CDI + 0% a.a.,2026-05-29,104.44647560474883
17,Fund F,benchmark,100% CDI + 0% a.a.,2026-06-01,104.5022495291675
17,Fund F,benchmark,100% CDI + 0% a.a.,2026-06-02,104.558053236597
17,Fund F,benchmark,100% CDI + 0% a.a.,2026-06-03,104.6138867429452
17,Fund F,benchmark,100% CDI + 0% a.a.,2026-06-05,104.66975006411994
17,Fund F,benchmark,100% CDI + 0% a.a.,2026-06-08,104.7256432160486
17,Fund F,benchmark,100% CDI + 0% a.a.,2026-06-09,104.7815662146488
17,Fund F,benchmark,100% CDI + 0% a.a.,2026-06-10,104.8375190758675
17,Fund F,benchmark,100% CDI + 0% a.a.,2026-06-11,104.89350181565167
17,Fund F,benchmark,100% CDI + 0% a.a.,2026-06-12,104.94951444995802
17,Fund F,benchmark,100% CDI + 0% a.a.,2026-06-15,105.00555699474327
17,Fund F,benchmark,100% CDI + 0% a.a.,2026-06-16,105.06162946598373
17,Fund F,benchmark,100% CDI + 0% a.a.,2026-06-17,105.11773187965566
17,Fund F,benchmark,100% CDI + 0% a.a.,2026-06-18,105.17386425175492
17,Fund F,benchmark,100% CDI + 0% a.a.,2026-06-19,105.22911306113714
17,Fund F,benchmark,100% CDI + 0% a.a.,2026-06-22,105.28439089323896
17,Fund F,benchmark,100% CDI + 0% a.a.,2026-06-23,105.33969776329361
17,Fund F,benchmark,100% CDI + 0% a.a.,2026-06-24,105.39503368656362
17,Fund F,benchmark,100% CDI + 0% a.a.,2026-06-25,105.4503986783115
17,Fund F,benchmark,100% CDI + 0% a.a.,2026-06-26,105.5057927537998
17,Fund F,benchmark,100% CDI + 0% a.a.,2026-06-29,105.5612159283106
17,Fund F,benchmark,100% CDI + 0% a.a.,2026-06-30,105.61666821713577
17,Fund F,benchmark,100% CDI + 0% a.a.,2026-07-01,105.6721496355574
17,Fund F,benchmark,100% CDI + 0% a.a.,2026-07-02,105.72766019888691
17,Fund F,benchmark,100% CDI + 0% a.a.,2026-07-03,105.78319992243573
17,Fund F,benchmark,100% CDI + 0% a.a.,2026-07-06,105.83876882151526
17,Fund F,benchmark,100% CDI + 0% a.a.,2026-07-07,105.89436691145649
17,Fund F,benchmark,100% CDI + 0% a.a.,2026-07-08,105.9499942075904
17,Fund F,benchmark,100% CDI + 0% a.a.,2026-07-09,106.00565072525772
17,Fund F,benchmark,100% CDI + 0% a.a.,2026-07-10,106.06133647981879
17,Fund F,benchmark,100% CDI + 0% a.a.,2026-07-13,106.1170514866241
17,Fund F,benchmark,100% CDI + 0% a.a.,2026-07-14,106.17279576103401
17,Fund F,benchmark,100% CDI + 0% a.a.,2026-07-15,106.22856931842834
17,Fund F,benchmark,100% CDI + 0% a.a.,2026-07-16,106.28437217419673
17,Fund F,benchmark,100% CDI + 0% a.a.,2026-07-17,106.34020434371908
17,Fund F,benchmark,100% CDI + 0% a.a.,2026-07-20,106.39606584240454
17,Fund F,benchmark,100% CDI + 0% a.a.,2026-07-21,106.45195668565256
17,Fund F,benchmark,100% CDI + 0% a.a.,2026-07-22,106.5078768888821
17,Fund F,benchmark,100% CDI + 0% a.a.,2026-07-23,106.56382646751211
17,Fund F,benchmark,100% CDI + 0% a.a.,2026-07-24,106.61980543698117
17,Fund F,benchmark,100% CDI + 0% a.a.,2026-07-27,106.67581381271798
17,Fund F,benchmark,100% CDI + 0% a.a.,2026-07-28,106.73185161018064
17,Fund F,benchmark,100% CDI + 0% a.a.,2026-07-29,106.78791884481747
17,Fund F,benchmark,100% CDI + 0% a.a.,2026-07-30,106.8440155320963
17,Fund F,benchmark,100% CDI + 0% a.a.,2026-07-31,106.900141687485
17,Fund F,benchmark,100% CDI + 0% a.a.,2026-08-03,106.95629732646121
17,Fund F,benchmark,100% CDI + 0% a.a.,2026-08-04,107.01248246452214
17,Fund F,benchmark,100% CDI + 0% a.a.,2026-08-05,107.06869711715517
17,Fund F,benchmark,100% CDI + 0% a.a.,2026-08-06,107.12494129986727
17,Fund F,benchmark,100% CDI + 0% a.a.,2026-08-07,107.18028251205982
17,Fund F,benchmark,100% CDI + 0% a.a.,2026-08-10,107.23565231376436
17,Fund F,benchmark,100% CDI + 0% a.a.,2026-08-11,107.2910507197448
21,Fund J,fund,Fund J,2026-06-25,100
21,Fund J,fund,Fund J,2026-06-26,100.0539162978563
21,Fund J,fund,Fund J,2026-06-29,100.10441309895756
21,Fund J,fund,Fund J,2026-06-30,100.1550368442529
21,Fund J,fund,Fund J,2026-07-01,100.20477198018979
21,Fund J,fund,Fund J,2026-07-02,100.25633231375156
21,Fund J,fund,Fund J,2026-07-03,100.30821850406343
21,Fund J,fund,Fund J,2026-07-06,100.36103528527823
21,Fund J,fund,Fund J,2026-07-07,100.41251765311452
21,Fund J,fund,Fund J,2026-07-08,100.47043319286408
21,Fund J,fund,Fund J,2026-07-09,100.52030726772203
21,Fund J,fund,Fund J,2026-07-10,100.57020833071573
21,Fund J,fund,Fund J,2026-07-13,100.62003642578686
21,Fund J,fund,Fund J,2026-07-14,100.67029233278758
21,Fund J,fund,Fund J,2026-07-15,100.72060421518097
21,Fund J,fund,Fund J,2026-07-16,100.77074217403288
21,Fund J,fund,Fund J,2026-07-17,100.82060725284558
21,Fund J,fund,Fund J,2026-07-20,100.87140292256122
21,Fund J,fund,Fund J,2026-07-21,100.92212662391486
21,Fund J,fund,Fund J,2026-07-22,100.97338109193818
21,Fund J,fund,Fund J,2026-07-23,101.02426172430337
21,Fund J,fund,Fund J,2026-07-24,101.0749694326877
21,Fund J,fund,Fund J,2026-07-27,101.12530130629274
21,Fund J,fund,Fund J,2026-07-28,101.1758990630129
21,Fund J,fund,Fund J,2026-07-29,101.22559421652647
21,Fund J,fund,Fund J,2026-07-30,101.27618897456489
21,Fund J,fund,Fund J,2026-07-31,101.32711358759576
21,Fund J,fund,Fund J,2026-08-03,101.37728853018925
21,Fund J,fund,Fund J,2026-08-04,101.39264577898909
21,Fund J,fund,Fund J,2026-08-05,101.41498695758358
21,Fund J,fund,Fund J,2026-08-06,101.4382227429
21,Fund J,fund,Fund J,2026-08-07,101.46187934322192
21,Fund J,fund,Fund J,2026-08-10,101.48804484060761
21,Fund J,fund,Fund J,2026-08-11,101.51204129152784
21,Fund J,benchmark,100% CDI + 0% a.a.,2026-06-25,100
21,Fund J,benchmark,100% CDI + 0% a.a.,2026-06-26,100.05253093035455
21,Fund J,benchmark,100% CDI + 0% a.a.,2026-06-29,100.10508945569487
21,Fund J,benchmark,100% CDI + 0% a.a.,2026-06-30,100.15767559052242
21,Fund J,benchmark,100% CDI + 0% a.a.,2026-07-01,100.21028934932943
21,Fund J,benchmark,100% CDI + 0% a.a.,2026-07-02,100.2629307466359
21,Fund J,benchmark,100% CDI + 0% a.a.,2026-07-03,100.31559979696186
21,Fund J,benchmark,100% CDI + 0% a.a.,2026-07-06,100.36829651482735
21,Fund J,benchmark,100% CDI + 0% a.a.,2026-07-07,100.4210209147709
21,Fund J,benchmark,100% CDI + 0% a.a.,2026-07-08,100.47377301133112
21,Fund J,benchmark,100% CDI + 0% a.a.,2026-07-09,100.5265528190558
21,Fund J,benchmark,100% CDI + 0% a.a.,2026-07-10,100.57936035251136
21,Fund J,benchmark,100% CDI + 0% a.a.,2026-07-13,100.63219562625488
21,Fund J,benchmark,100% CDI + 0% a.a.,2026-07-14,100.68505865485275
21,Fund J,benchmark,100% CDI + 0% a.a.,2026-07-15,100.73794945288992
21,Fund J,benchmark,100% CDI + 0% a.a.,2026-07-16,100.79086803496057
21,Fund J,benchmark,100% CDI + 0% a.a.,2026-07-17,100.8438144156496
21,Fund J,benchmark,100% CDI + 0% a.a.,2026-07-20,100.89678860956981
21,Fund J,benchmark,100% CDI + 0% a.a.,2026-07-21,100.94979063132462
21,Fund J,benchmark,100% CDI + 0% a.a.,2026-07-22,101.00282049553606
21,Fund J,benchmark,100% CDI + 0% a.a.,2026-07-23,101.05587821682616
21,Fund J,benchmark,100% CDI + 0% a.a.,2026-07-24,101.10896380983544
21,Fund J,benchmark,100% CDI + 0% a.a.,2026-07-27,101.16207728919522
21,Fund J,benchmark,100% CDI + 0% a.a.,2026-07-28,101.2152186695646
21,Fund J,benchmark,100% CDI + 0% a.a.,2026-07-29,101.2683879655934
21,Fund J,benchmark,100% CDI + 0% a.a.,2026-07-30,101.32158519194999
21,Fund J,benchmark,100% CDI + 0% a.a.,2026-07-31,101.37481036330276
21,Fund J,benchmark,100% CDI + 0% a.a.,2026-08-03,101.42806349432935
21,Fund J,benchmark,100% CDI + 0% a.a.,2026-08-04,101.48134459972593
21,Fund J,benchmark,100% CDI + 0% a.a.,2026-08-05,101.53465369417945
21,Fund J,benchmark,100% CDI + 0% a.a.,2026-08-06,101.58799079239536
21,Fund J,benchmark,100% CDI + 0% a.a.,2026-08-07,101.64047159179125
21,Fund J,benchmark,100% CDI + 0% a.a.,2026-08-10,101.69297950299742
21,Fund J,benchmark,100% CDI + 0% a.a.,2026-08-11,101.74551454001463
12,Fund B,fund,Fund B,2025-12-01,100
12,Fund B,fund,Fund B,2025-12-02,101.1173906772804
12,Fund B,fund,Fund B,2025-12-03,101.06141211952105
12,Fund B,fund,Fund B,2025-12-04,101.16287851475894
12,Fund B,fund,Fund B,2025-12-05,101.62379345036595
12,Fund B,fund,Fund B,2025-12-08,101.52683979379229
12,Fund B,fund,Fund B,2025-12-09,101.59508559792363
12,Fund B,fund,Fund B,2025-12-10,101.63159199402267
12,Fund B,fund,Fund B,2025-12-11,101.62357424149246
12,Fund B,fund,Fund B,2025-12-12,101.63303999905573
12,Fund B,fund,Fund B,2025-12-15,101.60882751856931
12,Fund B,fund,Fund B,2025-12-16,101.6587944807695
12,Fund B,fund,Fund B,2025-12-17,101.75538404078608
12,Fund B,fund,Fund B,2025-12-18,101.6997129520283
12,Fund B,fund,Fund B,2025-12-19,101.67697582938824
12,Fund B,fund,Fund B,2025-12-22,101.8254067970032
12,Fund B,fund,Fund B,2025-12-23,101.78377947080176
12,Fund B,fund,Fund B,2025-12-24,101.81103775292868
12,Fund B,fund,Fund B,2025-12-26,101.79871988255238
12,Fund B,fund,Fund B,2025-12-29,101.76829994807915
12,Fund B,fund,Fund B,2025-12-30,101.77253576056087
12,Fund B,fund,Fund B,2025-12-31,101.82021702419904
12,Fund B,fund,Fund B,2026-01-02,101.68067173834994
12,Fund B,fund,Fund B,2026-01-05,101.96982898742154
12,Fund B,fund,Fund B,2026-01-06,102.09143425552178
12,Fund B,fund,Fund B,2026-01-07,102.15351730537422
12,Fund B,fund,Fund B,2026-01-08,102.21393955105219
12,Fund B,fund,Fund B,2026-01-09,102.44496513708496
12,Fund B,fund,Fund B,2026-01-12,102.5712394244107
12,Fund B,fund,Fund B,2026-01-13,102.6797678385302
12,Fund B,fund,Fund B,2026-01-14,102.8503213078013
12,Fund B,fund,Fund B,2026-01-15,102.96091309095151
12,Fund B,fund,Fund B,2026-01-16,103.25869103336088
12,Fund B,fund,Fund B,2026-01-19,103.32173167934977
12,Fund B,fund,Fund B,2026-01-20,103.47364151665313
12,Fund B,fund,Fund B,2026-01-21,103.48274616952807
12,Fund B,fund,Fund B,2026-01-22,103.44463828156645
12,Fund B,fund,Fund B,2026-01-23,103.6509723116528
12,Fund B,fund,Fund B,2026-01-26,103.68516125773505
12,Fund B,fund,Fund B,2026-01-27,103.81312060120447
12,Fund B,fund,Fund B,2026-01-28,103.86676834460617
12,Fund B,fund,Fund B,2026-01-29,103.87025463452535
12,Fund B,fund,Fund B,2026-01-30,103.98563562680721
12,Fund B,fund,Fund B,2026-02-02,103.96619667290865
12,Fund B,fund,Fund B,2026-02-03,103.9643246844093
12,Fund B,fund,Fund B,2026-02-04,103.94203611422392
12,Fund B,fund,Fund B,2026-02-05,103.9670586580342
12,Fund B,fund,Fund B,2026-02-06,104.08058068932468
12,Fund B,fund,Fund B,2026-02-09,104.09403345873474
12,Fund B,fund,Fund B,2026-02-10,104.09461521869667
12,Fund B,fund,Fund B,2026-02-11,104.07556100723092
12,Fund B,fund,Fund B,2026-02-12,103.8926746388918
12,Fund B,fund,Fund B,2026-02-13,103.76585856574452
12,Fund B,fund,Fund B,2026-02-18,103.76022915665082
12,Fund B,fund,Fund B,2026-02-19,103.79322613033557
12,Fund B,fund,Fund B,2026-02-20,103.93147384667127
12,Fund B,fund,Fund B,2026-02-23,104.08075070078027
12,Fund B,fund,Fund B,2026-02-24,104.14226203621685
12,Fund B,fund,Fund B,2026-02-25,104.22347732388691
12,Fund B,fund,Fund B,2026-02-26,104.2634983434966
12,Fund B,fund,Fund B,2026-02-27,103.31188549874037
12,Fund B,fund,Fund B,2026-03-02,104.31757208145515
12,Fund B,fund,Fund B,2026-03-03,104.34660297646748
12,Fund B,fund,Fund B,2026-03-04,104.40441182479384
12,Fund B,fund,Fund B,2026-03-05,104.47259495819108
12,Fund B,fund,Fund B,2026-03-06,104.5670697920657
12,Fund B,fund,Fund B,2026-03-09,104.61448666168681
12,Fund B,fund,Fund B,2026-03-10,104.57274795276903
12,Fund B,fund,Fund B,2026-03-11,104.58647613261354
12,Fund B,fund,Fund B,2026-03-12,104.49394179310711
12,Fund B,fund,Fund B,2026-03-13,104.48413006852257
12,Fund B,fund,Fund B,2026-03-16,104.52600263879971
12,Fund B,fund,Fund B,2026-03-17,104.61895138184832
12,Fund B,fund,Fund B,2026-03-18,104.43570346301263
12,Fund B,fund,Fund B,2026-03-19,104.21030204534982
12,Fund B,fund,Fund B,2026-03-20,104.56534562367759
12,Fund B,fund,Fund B,2026-03-23,104.43887239689379
12,Fund B,fund,Fund B,2026-03-24,104.44131290980324
12,Fund B,fund,Fund B,2026-03-25,104.44918819192131
12,Fund B,fund,Fund B,2026-03-26,104.3811086346425
12,Fund B,fund,Fund B,2026-03-27,104.40936824174248
12,Fund B,fund,Fund B,2026-03-30,104.37941561339129
12,Fund B,fund,Fund B,2026-03-31,104.21600297199481
12,Fund B,fund,Fund B,2026-04-01,104.26577014274783
12,Fund B,fund,Fund B,2026-04-02,104.06468478168985
12,Fund B,fund,Fund B,2026-04-06,104.06055500222539
12,Fund B,fund,Fund B,2026-04-07,103.99575350278225
12,Fund B,fund,Fund B,2026-04-08,103.938177970684
12,Fund B,fund,Fund B,2026-04-09,103.90920252431202
12,Fund B,fund,Fund B,2026-04-10,104.10108421352771
12,Fund B,fund,Fund B,2026-04-13,104.2063950214112
12,Fund B,fund,Fund B,2026-04-14,104.24777936229877
12,Fund B,fund,Fund B,2026-04-15,104.21366121056775
12,Fund B,fund,Fund B,2026-04-16,104.19514122599685
12,Fund B,fund,Fund B,2026-04-17,104.13069171693988
12,Fund B,fund,Fund B,2026-04-20,103.85470997426295
12,Fund B,fund,Fund B,2026-04-22,103.92686651740172
12,Fund B,fund,Fund B,2026-04-23,103.98182900879497
12,Fund B,fund,Fund B,2026-04-24,103.66631044380992
12,Fund B,fund,Fund B,2026-04-27,103.6694991715777
12,Fund B,fund,Fund B,2026-04-28,103.15693354514475
12,Fund B,fund,Fund B,2026-04-29,103.18799580015494
12,Fund B,fund,Fund B,2026-04-30,103.1821876615775
12,Fund B,fund,Fund B,2026-05-04,103.00109426470087
12,Fund B,fund,Fund B,2026-05-05,103.21889109501937
12,Fund B,fund,Fund B,2026-05-06,103.20935110542786
12,Fund B,fund,Fund B,2026-05-07,103.21714949057498
12,Fund B,fund,Fund B,2026-05-08,103.09122102166776
12,Fund B,fund,Fund B,2026-05-11,103.1367614348001
12,Fund B,fund,Fund B,2026-05-12,103.10435186798189
12,Fund B,fund,Fund B,2026-05-13,103.04536838424579
12,Fund B,fund,Fund B,2026-05-14,103.0842791530649
12,Fund B,fund,Fund B,2026-05-15,103.00388463802372
12,Fund B,fund,Fund B,2026-05-18,102.9943537924549
12,Fund B,fund,Fund B,2026-05-19,102.87618579517924
12,Fund B,fund,Fund B,2026-05-20,102.90855045424568
12,Fund B,fund,Fund B,2026-05-21,102.80669778101321
12,Fund B,fund,Fund B,2026-05-22,102.96530384656973
12,Fund B,fund,Fund B,2026-05-25,102.94076405366089
12,Fund B,fund,Fund B,2026-05-26,103.12975572645482
12,Fund B,fund,Fund B,2026-05-27,103.26334947207042
12,Fund B,fund,Fund B,2026-05-28,103.23834855491404
12,Fund B,fund,Fund B,2026-05-29,103.34406688107886
12,Fund B,fund,Fund B,2026-06-01,103.38255824339646
12,Fund B,fund,Fund B,2026-06-02,103.56175431005104
12,Fund B,fund,Fund B,2026-06-03,103.82297986876294
12,Fund B,fund,Fund B,2026-06-05,103.68064253533332
12,Fund B,fund,Fund B,2026-06-08,103.63307563637339
12,Fund B,fund,Fund B,2026-06-09,103.71176989816276
12,Fund B,fund,Fund B,2026-06-10,104.10545842470616
12,Fund B,fund,Fund B,2026-06-11,104.19441934354626
12,Fund B,fund,Fund B,2026-06-12,104.24304898995022
12,Fund B,fund,Fund B,2026-06-15,104.19750340544209
12,Fund B,fund,Fund B,2026-06-16,104.41338678709334
12,Fund B,fund,Fund B,2026-06-17,104.64202940910923
12,Fund B,fund,Fund B,2026-06-18,104.60420749228432
12,Fund B,fund,Fund B,2026-06-19,104.56415244264434
12,Fund B,fund,Fund B,2026-06-22,104.49460453166225
12,Fund B,fund,Fund B,2026-06-23,104.57614261423107
12,Fund B,fund,Fund B,2026-06-24,104.68036202405987
12,Fund B,fund,Fund B,2026-06-25,104.54138157727265
12,Fund B,fund,Fund B,2026-06-26,104.4484162798774
12,Fund B,fund,Fund B,2026-06-29,104.53773162618883
12,Fund B,fund,Fund B,2026-06-30,104.55424280865967
12,Fund B,fund,Fund B,2026-07-01,104.71220161016099
12,Fund B,fund,Fund B,2026-07-02,104.88698494780371
12,Fund B,fund,Fund B,2026-07-03,105.01221329961014
12,Fund B,fund,Fund B,2026-07-06,104.9819811692954
12,Fund B,fund,Fund B,2026-07-07,105.14181343541674
12,Fund B,fund,Fund B,2026-07-08,105.2071715314224
12,Fund B,fund,Fund B,2026-07-09,105.27009338437102
12,Fund B,fund,Fund B,2026-07-10,105.23310201823611
12,Fund B,fund,Fund B,2026-07-13,105.19052949927465
12,Fund B,fund,Fund B,2026-07-14,105.21091340816885
12,Fund B,fund,Fund B,2026-07-15,105.31191749033718
12,Fund B,fund,Fund B,2026-07-16,105.37585056520217
12,Fund B,fund,Fund B,2026-07-17,105.3791629403668
12,Fund B,fund,Fund B,2026-07-20,105.54926485540761
12,Fund B,fund,Fund B,2026-07-21,105.66156101305931
12,Fund B,fund,Fund B,2026-07-22,105.64253280707521
12,Fund B,fund,Fund B,2026-07-23,105.8136334614012
12,Fund B,fund,Fund B,2026-07-24,105.83824229514879
12,Fund B,fund,Fund B,2026-07-27,105.9158977246304
12,Fund B,fund,Fund B,2026-07-28,105.93541832088114
12,Fund B,fund,Fund B,2026-07-29,105.86162238227108
12,Fund B,fund,Fund B,2026-07-30,105.9808860969881
12,Fund B,fund,Fund B,2026-07-31,105.92917158623344
12,Fund B,fund,Fund B,2026-08-03,105.95737131633105
12,Fund B,fund,Fund B,2026-08-04,106.13867539228319
12,Fund B,fund,Fund B,2026-08-05,106.21884933130556
12,Fund B,fund,Fund B,2026-08-06,106.25169939630928
12,Fund B,fund,Fund B,2026-08-07,106.25969007341801
12,Fund B,fund,Fund B,2026-08-10,106.42625119105007
12,Fund B,fund,Fund B,2026-08-11,106.87214698516824
12,Fund B,benchmark,100% CDI + 0% a.a.,2025-12-01,100
12,Fund B,benchmark,100% CDI + 0% a.a.,2025-12-02,100
12,Fund B,benchmark,100% CDI + 0% a.a.,2025-12-03,100
12,Fund B,benchmark,100% CDI + 0% a.a.,2025-12-04,100
12,Fund B,benchmark,100% CDI + 0% a.a.,2025-12-05,100
12,Fund B,benchmark,100% CDI + 0% a.a.,2025-12-08,100
12,Fund B,benchmark,100% CDI + 0% a.a.,2025-12-09,100
12,Fund B,benchmark,100% CDI + 0% a.a.,2025-12-10,100
12,Fund B,benchmark,100% CDI + 0% a.a.,2025-12-11,100
12,Fund B,benchmark,100% CDI + 0% a.a.,2025-12-12,99.80143754633139
12,Fund B,benchmark,100% CDI + 0% a.a.,2025-12-15,99.85645914089345
12,Fund B,benchmark,100% CDI + 0% a.a.,2025-12-16,99.91151106944126
12,Fund B,benchmark,100% CDI + 0% a.a.,2025-12-17,99.9665933487089
12,Fund B,benchmark,100% CDI + 0% a.a.,2025-12-18,100.02170599542048
12,Fund B,benchmark,100% CDI + 0% a.a.,2025-12-19,100.07684902632003
12,Fund B,benchmark,100% CDI + 0% a.a.,2025-12-22,100.1320224581615
12,Fund B,benchmark,100% CDI + 0% a.a.,2025-12-23,100.18722630769884
12,Fund B,benchmark,100% CDI + 0% a.a.,2025-12-24,100.24246059170585
12,Fund B,benchmark,100% CDI + 0% a.a.,2025-12-26,100.2977253269663
12,Fund B,benchmark,100% CDI + 0% a.a.,2025-12-29,100.35302053026395
12,Fund B,benchmark,100% CDI + 0% a.a.,2025-12-30,100.40834621839251
12,Fund B,benchmark,100% CDI + 0% a.a.,2025-12-31,100.46370240816552
12,Fund B,benchmark,100% CDI + 0% a.a.,2026-01-02,100.51908911639657
12,Fund B,benchmark,100% CDI + 0% a.a.,2026-01-05,100.57450635990917
12,Fund B,benchmark,100% CDI + 0% a.a.,2026-01-06,100.62995415553675
12,Fund B,benchmark,100% CDI + 0% a.a.,2026-01-07,100.6854325201227
12,Fund B,benchmark,100% CDI + 0% a.a.,2026-01-08,100.74094147052034
12,Fund B,benchmark,100% CDI + 0% a.a.,2026-01-09,100.79648102359293
12,Fund B,benchmark,100% CDI + 0% a.a.,2026-01-12,100.85205119621364
12,Fund B,benchmark,100% CDI + 0% a.a.,2026-01-13,100.90765200525568
12,Fund B,benchmark,100% CDI + 0% a.a.,2026-01-14,100.96328346762206
12,Fund B,benchmark,100% CDI + 0% a.a.,2026-01-15,101.01894560020584
12,Fund B,benchmark,100% CDI + 0% a.a.,2026-01-16,101.07463841991003
12,Fund B,benchmark,100% CDI + 0% a.a.,2026-01-19,101.13036194365749
12,Fund B,benchmark,100% CDI + 0% a.a.,2026-01-20,101.18611618838104
12,Fund B,benchmark,100% CDI + 0% a.a.,2026-01-21,101.24190117101351
12,Fund B,benchmark,100% CDI + 0% a.a.,2026-01-22,101.29771690849763
12,Fund B,benchmark,100% CDI + 0% a.a.,2026-01-23,101.35356341779607
12,Fund B,benchmark,100% CDI + 0% a.a.,2026-01-26,101.40944071586146
12,Fund B,benchmark,100% CDI + 0% a.a.,2026-01-27,101.46534881967634
12,Fund B,benchmark,100% CDI + 0% a.a.,2026-01-28,101.52128774623314
12,Fund B,benchmark,100% CDI + 0% a.a.,2026-01-29,101.57725751251436
12,Fund B,benchmark,100% CDI + 0% a.a.,2026-01-30,101.63325813552237
12,Fund B,benchmark,100% CDI + 0% a.a.,2026-02-02,101.68928963226949
12,Fund B,benchmark,100% CDI + 0% a.a.,2026-02-03,101.74535201977795
12,Fund B,benchmark,100% CDI + 0% a.a.,2026-02-04,101.80144531507003
12,Fund B,benchmark,100% CDI + 0% a.a.,2026-02-05,101.85756953519777
12,Fund B,benchmark,100% CDI + 0% a.a.,2026-02-06,101.91372469720329
12,Fund B,benchmark,100% CDI + 0% a.a.,2026-02-09,101.9699108181486
12,Fund B,benchmark,100% CDI + 0% a.a.,2026-02-10,102.0261279150957
12,Fund B,benchmark,100% CDI + 0% a.a.,2026-02-11,102.08237600512645
12,Fund B,benchmark,100% CDI + 0% a.a.,2026-02-12,102.13865510533266
12,Fund B,benchmark,100% CDI + 0% a.a.,2026-02-13,102.19496523280614
12,Fund B,benchmark,100% CDI + 0% a.a.,2026-02-18,102.25130640464864
12,Fund B,benchmark,100% CDI + 0% a.a.,2026-02-19,102.30767863798178
12,Fund B,benchmark,100% CDI + 0% a.a.,2026-02-20,102.36408194992718
12,Fund B,benchmark,100% CDI + 0% a.a.,2026-02-23,102.42051635761639
12,Fund B,benchmark,100% CDI + 0% a.a.,2026-02-24,102.47698187820085
12,Fund B,benchmark,100% CDI + 0% a.a.,2026-02-25,102.53347852882204
12,Fund B,benchmark,100% CDI + 0% a.a.,2026-02-26,102.59000632665129
12,Fund B,benchmark,100% CDI + 0% a.a.,2026-02-27,102.64656528884994
12,Fund B,benchmark,100% CDI + 0% a.a.,2026-03-02,102.7031554326092
12,Fund B,benchmark,100% CDI + 0% a.a.,2026-03-03,102.75977677512023
12,Fund B,benchmark,100% CDI + 0% a.a.,2026-03-04,102.8164293335742
12,Fund B,benchmark,100% CDI + 0% a.a.,2026-03-05,102.87311312519213
12,Fund B,benchmark,100% CDI + 0% a.a.,2026-03-06,102.92982816718505
12,Fund B,benchmark,100% CDI + 0% a.a.,2026-03-09,102.9865744767839
12,Fund B,benchmark,100% CDI + 0% a.a.,2026-03-10,103.04335207122955
12,Fund B,benchmark,100% CDI + 0% a.a.,2026-03-11,103.10016096776285
12,Fund B,benchmark,100% CDI + 0% a.a.,2026-03-12,103.15700118364454
12,Fund B,benchmark,100% CDI + 0% a.a.,2026-03-13,103.21387273614532
12,Fund B,benchmark,100% CDI + 0% a.a.,2026-03-16,103.27077564253584
12,Fund B,benchmark,100% CDI + 0% a.a.,2026-03-17,103.32770992010666
12,Fund B,benchmark,100% CDI + 0% a.a.,2026-03-18,103.38467558614833
12,Fund B,benchmark,100% CDI + 0% a.a.,2026-03-19,103.44167265797128
12,Fund B,benchmark,100% CDI + 0% a.a.,2026-03-20,103.49780656016152
12,Fund B,benchmark,100% CDI + 0% a.a.,2026-03-23,103.55397092410873
12,Fund B,benchmark,100% CDI + 0% a.a.,2026-03-24,103.6101657663482
12,Fund B,benchmark,100% CDI + 0% a.a.,2026-03-25,103.66639110340537
12,Fund B,benchmark,100% CDI + 0% a.a.,2026-03-26,103.72264695183542
12,Fund B,benchmark,100% CDI + 0% a.a.,2026-03-27,103.7789333282035
12,Fund B,benchmark,100% CDI + 0% a.a.,2026-03-30,103.8352502490648
12,Fund B,benchmark,100% CDI + 0% a.a.,2026-03-31,103.89159773100437
12,Fund B,benchmark,100% CDI + 0% a.a.,2026-04-01,103.94797579059725
12,Fund B,benchmark,100% CDI + 0% a.a.,2026-04-02,104.00438444443843
12,Fund B,benchmark,100% CDI + 0% a.a.,2026-04-06,104.06082370913278
12,Fund B,benchmark,100% CDI + 0% a.a.,2026-04-07,104.11729360129513
12,Fund B,benchmark,100% CDI + 0% a.a.,2026-04-08,104.17379413754031
12,Fund B,benchmark,100% CDI + 0% a.a.,2026-04-09,104.23032533450302
12,Fund B,benchmark,100% CDI + 0% a.a.,2026-04-10,104.28688720881797
12,Fund B,benchmark,100% CDI + 0% a.a.,2026-04-13,104.3434797771298
12,Fund B,benchmark,100% CDI + 0% a.a.,2026-04-14,104.400103056103
12,Fund B,benchmark,100% CDI + 0% a.a.,2026-04-15,104.45675706239219
12,Fund B,benchmark,100% CDI + 0% a.a.,2026-04-16,104.51344181268172
12,Fund B,benchmark,100% CDI + 0% a.a.,2026-04-17,104.57015732365599
12,Fund B,benchmark,100% CDI + 0% a.a.,2026-04-20,104.62690361199938
12,Fund B,benchmark,100% CDI + 0% a.a.,2026-04-22,104.68368069441617
12,Fund B,benchmark,100% CDI + 0% a.a.,2026-04-23,104.74048858762055
12,Fund B,benchmark,100% CDI + 0% a.a.,2026-04-24,104.79732730832671
12,Fund B,benchmark,100% CDI + 0% a.a.,2026-04-27,104.85419687326873
12,Fund B,benchmark,100% CDI + 0% a.a.,2026-04-28,104.9110972991807
12,Fund B,benchmark,100% CDI + 0% a.a.,2026-04-29,104.96802860281653
12,Fund B,benchmark,100% CDI + 0% a.a.,2026-04-30,105.02499080093021
12,Fund B,benchmark,100% CDI + 0% a.a.,2026-05-04,105.08107364972864
12,Fund B,benchmark,100% CDI + 0% a.a.,2026-05-05,105.13718644650622
12,Fund B,benchmark,100% CDI + 0% a.a.,2026-05-06,105.19332920725178
12,Fund B,benchmark,100% CDI + 0% a.a.,2026-05-07,105.24950194796402
12,Fund B,benchmark,100% CDI + 0% a.a.,2026-05-08,105.30570468465162
12,Fund B,benchmark,100% CDI + 0% a.a.,2026-05-11,105.3619374333431
12,Fund B,benchmark,100% CDI + 0% a.a.,2026-05-12,105.41820021005708
12,Fund B,benchmark,100% CDI + 0% a.a.,2026-05-13,105.4744930308221
12,Fund B,benchmark,100% CDI + 0% a.a.,2026-05-14,105.53081591168657
12,Fund B,benchmark,100% CDI + 0% a.a.,2026-05-15,105.58716886870883
12,Fund B,benchmark,100% CDI + 0% a.a.,2026-05-18,105.64355191793732
12,Fund B,benchmark,100% CDI + 0% a.a.,2026-05-19,105.69996507545022
12,Fund B,benchmark,100% CDI + 0% a.a.,2026-05-20,105.7564083573258
12,Fund B,benchmark,100% CDI + 0% a.a.,2026-05-21,105.81288177964225
12,Fund B,benchmark,100% CDI + 0% a.a.,2026-05-22,105.86938535849771
12,Fund B,benchmark,100% CDI + 0% a.a.,2026-05-25,105.92591911000017
12,Fund B,benchmark,100% CDI + 0% a.a.,2026-05-26,105.9824830502577
12,Fund B,benchmark,100% CDI + 0% a.a.,2026-05-27,106.03907719539819
12,Fund B,benchmark,100% CDI + 0% a.a.,2026-05-28,106.09570156153963
12,Fund B,benchmark,100% CDI + 0% a.a.,2026-05-29,106.15235616482978
12,Fund B,benchmark,100% CDI + 0% a.a.,2026-06-01,106.2090410214065
12,Fund B,benchmark,100% CDI + 0% a.a.,2026-06-02,106.26575614742754
12,Fund B,benchmark,100% CDI + 0% a.a.,2026-06-03,106.32250155906051
12,Fund B,benchmark,100% CDI + 0% a.a.,2026-06-05,106.3792772724731
12,Fund B,benchmark,100% CDI + 0% a.a.,2026-06-08,106.43608330385284
12,Fund B,benchmark,100% CDI + 0% a.a.,2026-06-09,106.49291966937732
12,Fund B,benchmark,100% CDI + 0% a.a.,2026-06-10,106.54978638525394
12,Fund B,benchmark,100% CDI + 0% a.a.,2026-06-11,106.6066834676901
12,Fund B,benchmark,100% CDI + 0% a.a.,2026-06-12,106.66361093290318
12,Fund B,benchmark,100% CDI + 0% a.a.,2026-06-15,106.7205687971105
12,Fund B,benchmark,100% CDI + 0% a.a.,2026-06-16,106.77755707654927
12,Fund B,benchmark,100% CDI + 0% a.a.,2026-06-17,106.83457578745673
12,Fund B,benchmark,100% CDI + 0% a.a.,2026-06-18,106.89162494608996
12,Fund B,benchmark,100% CDI + 0% a.a.,2026-06-19,106.9477761111462
12,Fund B,benchmark,100% CDI + 0% a.a.,2026-06-22,107.00395677293797
12,Fund B,benchmark,100% CDI + 0% a.a.,2026-06-23,107.06016694694729
12,Fund B,benchmark,100% CDI + 0% a.a.,2026-06-24,107.11640664868595
12,Fund B,benchmark,100% CDI + 0% a.a.,2026-06-25,107.1726758936658
12,Fund B,benchmark,100% CDI + 0% a.a.,2026-06-26,107.2289746973986
12,Fund B,benchmark,100% CDI + 0% a.a.,2026-06-29,107.28530307541607
12,Fund B,benchmark,100% CDI + 0% a.a.,2026-06-30,107.3416610432598
12,Fund B,benchmark,100% CDI + 0% a.a.,2026-07-01,107.39804861646151
12,Fund B,benchmark,100% CDI + 0% a.a.,2026-07-02,107.45446581058268
12,Fund B,benchmark,100% CDI + 0% a.a.,2026-07-03,107.5109126411848
12,Fund B,benchmark,100% CDI + 0% a.a.,2026-07-06,107.56738912382937
12,Fund B,benchmark,100% CDI + 0% a.a.,2026-07-07,107.62389527409776
12,Fund B,benchmark,100% CDI + 0% a.a.,2026-07-08,107.68043110757135
12,Fund B,benchmark,100% CDI + 0% a.a.,2026-07-09,107.73699663984142
12,Fund B,benchmark,100% CDI + 0% a.a.,2026-07-10,107.79359188651918
12,Fund B,benchmark,100% CDI + 0% a.a.,2026-07-13,107.85021686320586
12,Fund B,benchmark,100% CDI + 0% a.a.,2026-07-14,107.90687158551265
12,Fund B,benchmark,100% CDI + 0% a.a.,2026-07-15,107.96355606907059
12,Fund B,benchmark,100% CDI + 0% a.a.,2026-07-16,108.02027032952068
12,Fund B,benchmark,100% CDI + 0% a.a.,2026-07-17,108.07701438249399
12,Fund B,benchmark,100% CDI + 0% a.a.,2026-07-20,108.13378824365135
12,Fund B,benchmark,100% CDI + 0% a.a.,2026-07-21,108.19059192864373
12,Fund B,benchmark,100% CDI + 0% a.a.,2026-07-22,108.24742545314191
12,Fund B,benchmark,100% CDI + 0% a.a.,2026-07-23,108.3042888328167
12,Fund B,benchmark,100% CDI + 0% a.a.,2026-07-24,108.36118208335878
12,Fund B,benchmark,100% CDI + 0% a.a.,2026-07-27,108.4181052204489
12,Fund B,benchmark,100% CDI + 0% a.a.,2026-07-28,108.47505825979758
12,Fund B,benchmark,100% CDI + 0% a.a.,2026-07-29,108.53204121710547
12,Fund B,benchmark,100% CDI + 0% a.a.,2026-07-30,108.58905410809304
12,Fund B,benchmark,100% CDI + 0% a.a.,2026-07-31,108.64609694848079
12,Fund B,benchmark,100% CDI + 0% a.a.,2026-08-03,108.70316975399913
12,Fund B,benchmark,100% CDI + 0% a.a.,2026-08-04,108.76027254039839
12,Fund B,benchmark,100% CDI + 0% a.a.,2026-08-05,108.81740532341891
12,Fund B,benchmark,100% CDI + 0% a.a.,2026-08-06,108.87456811882092
12,Fund B,benchmark,100% CDI + 0% a.a.,2026-08-07,108.93081319586389
12,Fund B,benchmark,100% CDI + 0% a.a.,2026-08-10,108.98708732935941
12,Fund B,benchmark,100% CDI + 0% a.a.,2026-08-11,109.04339053431248
13,Fund C,fund,Fund C,2026-01-30,100
13,Fund C,fund,Fund C,2026-02-02,99.86878486055382
13,Fund C,fund,Fund C,2026-02-03,100.04016387368098
13,Fund C,fund,Fund C,2026-02-04,100.05699337540453
13,Fund C,fund,Fund C,2026-02-05,100.07383028718685
13,Fund C,fund,Fund C,2026-02-06,100.09067458234107
13,Fund C,fund,Fund C,2026-02-09,100.13471636108439
13,Fund C,fund,Fund C,2026-02-10,100.15151740272624
13,Fund C,fund,Fund C,2026-02-11,100.16832581686755
13,Fund C,fund,Fund C,2026-02-12,100.18514164600965
13,Fund C,fund,Fund C,2026-02-13,100.19893807140909
13,Fund C,fund,Fund C,2026-02-18,100.2697689838557
13,Fund C,fund,Fund C,2026-02-19,100.28661557111694
13,Fund C,fund,Fund C,2026-02-20,100.30344091462823
13,Fund C,fund,Fund C,2026-02-23,100.34759762786067
13,Fund C,fund,Fund C,2026-02-24,100.36444280071692
13,Fund C,fund,Fund C,2026-02-25,100.38129536188708
13,Fund C,fund,Fund C,2026-02-26,100.3981553202668
13,Fund C,fund,Fund C,2026-02-27,100.41502264818075
13,Fund C,fund,Fund C,2026-03-02,100.4607500319474
13,Fund C,fund,Fund C,2026-03-03,100.47913043021079
13,Fund C,fund,Fund C,2026-03-04,100.49751820492725
13,Fund C,fund,Fund C,2026-03-05,100.51591337981844
13,Fund C,fund,Fund C,2026-03-06,100.53431599244371
13,Fund C,fund,Fund C,2026-03-09,100.58005802829938
13,Fund C,fund,Fund C,2026-03-10,100.59841752875394
13,Fund C,fund,Fund C,2026-03-11,100.61678441258039
13,Fund C,fund,Fund C,2026-03-12,100.63515867780193
13,Fund C,fund,Fund C,2026-03-13,100.65059024628782
13,Fund C,fund,Fund C,2026-03-16,100.69640859280084
13,Fund C,fund,Fund C,2026-03-17,100.71480887378296
13,Fund C,fund,Fund C,2026-03-18,100.73321655790504
13,Fund C,fund,Fund C,2026-03-19,100.75163162836422
13,Fund C,fund,Fund C,2026-03-20,100.7699031886094
13,Fund C,fund,Fund C,2026-03-23,100.81561943208361
13,Fund C,fund,Fund C,2026-03-24,100.83388182785434
13,Fund C,fund,Fund C,2026-03-25,100.85215150024942
13,Fund C,fund,Fund C,2026-03-26,100.87042842357036
13,Fund C,fund,Fund C,2026-03-27,100.88871259781718
13,Fund C,fund,Fund C,2026-03-30,100.93450591598439
13,Fund C,fund,Fund C,2026-03-31,100.9701966840114
13,Fund C,fund,Fund C,2026-04-01,100.98783952295886
13,Fund C,fund,Fund C,2026-04-02,101.00548932026486
13,Fund C,fund,Fund C,2026-04-06,101.06445857593245
13,Fund C,fund,Fund C,2026-04-07,101.08213029305617
13,Fund C,fund,Fund C,2026-04-08,101.09980935401565
13,Fund C,fund,Fund C,2026-04-09,101.11743385709539
13,Fund C,fund,Fund C,2026-04-10,101.13506570203408
13,Fund C,fund,Fund C,2026-04-13,101.1802840729796
13,Fund C,fund,Fund C,2026-04-14,101.19793515619816
13,Fund C,fund,Fund C,2026-04-15,101.2126296190452
13,Fund C,fund,Fund C,2026-04-16,101.23029439560166
13,Fund C,fund,Fund C,2026-04-17,101.24796660791539
13,Fund C,fund,Fund C,2026-04-20,101.29326174714892
13,Fund C,fund,Fund C,2026-04-22,101.32476728689551
13,Fund C,fund,Fund C,2026-04-23,101.3415271160776
13,Fund C,fund,Fund C,2026-04-24,101.35923557017139
13,Fund C,fund,Fund C,2026-04-27,101.40460299726125
13,Fund C,fund,Fund C,2026-04-28,101.42233071335659
13,Fund C,fund,Fund C,2026-04-29,101.44006649383361
13,Fund C,fund,Fund C,2026-04-30,101.45780855956657
13,Fund C,fund,Fund C,2026-05-04,101.51641026169038
13,Fund C,fund,Fund C,2026-05-05,101.53397099200735
13,Fund C,fund,Fund C,2026-05-06,101.50423386175046
13,Fund C,fund,Fund C,2026-05-07,101.52180833581392
13,Fund C,fund,Fund C,2026-05-08,101.58668211253148
13,Fund C,fund,Fund C,2026-05-11,101.63140349754597
13,Fund C,fund,Fund C,2026-05-12,101.6487590175677
13,Fund C,fund,Fund C,2026-05-13,101.67193646173772
13,Fund C,fund,Fund C,2026-05-14,101.68930574725077
13,Fund C,fund,Fund C,2026-05-15,101.70374202040274
13,Fund C,fund,Fund C,2026-05-18,101.74888459564899
13,Fund C,fund,Fund C,2026-05-19,101.76627978424467
13,Fund C,fund,Fund C,2026-05-20,101.78368173252983
13,Fund C,fund,Fund C,2026-05-21,101.75378538929735
13,Fund C,fund,Fund C,2026-05-22,101.7711827662177
13,Fund C,fund,Fund C,2026-05-25,101.81638296240521
13,Fund C,fund,Fund C,2026-05-26,101.83379903200687
13,Fund C,fund,Fund C,2026-05-27,101.85122355146747
13,Fund C,fund,Fund C,2026-05-28,101.8686541080948
13,Fund C,fund,Fund C,2026-05-29,101.88027739661646
13,Fund C,fund,Fund C,2026-06-01,101.92592950458393
13,Fund C,fund,Fund C,2026-06-02,101.94376317947895
13,Fund C,fund,Fund C,2026-06-03,101.96160343417405
13,Fund C,fund,Fund C,2026-06-05,101.99337849269318
13,Fund C,fund,Fund C,2026-06-08,102.03910273729129
13,Fund C,fund,Fund C,2026-06-09,102.05697297519741
13,Fund C,fund,Fund C,2026-06-10,102.07484981959051
13,Fund C,fund,Fund C,2026-06-11,102.0926717156846
13,Fund C,fund,Fund C,2026-06-12,102.11050223856182
13,Fund C,fund,Fund C,2026-06-15,102.15624343526318
13,Fund C,fund,Fund C,2026-06-16,102.17114912283894
13,Fund C,fund,Fund C,2026-06-17,102.18900486778897
13,Fund C,fund,Fund C,2026-06-18,102.20686717672464
13,Fund C,fund,Fund C,2026-06-19,102.22455514023173
13,Fund C,fund,Fund C,2026-06-22,102.27019107495767
13,Fund C,fund,Fund C,2026-06-23,102.28789894292836
13,Fund C,fund,Fund C,2026-06-24,102.30561348163226
13,Fund C,fund,Fund C,2026-06-25,74.5458108105712
13,Fund C,fund,Fund C,2026-06-26,74.56116922140596
13,Fund C,fund,Fund C,2026-06-29,74.59429675155764
13,Fund C,fund,Fund C,2026-06-30,74.60978272570918
13,Fund C,fund,Fund C,2026-07-01,74.6256477416149
13,Fund C,fund,Fund C,2026-07-02,74.64199692583895
13,Fund C,fund,Fund C,2026-07-03,74.65843409573894
13,Fund C,fund,Fund C,2026-07-06,74.69346262077374
13,Fund C,fund,Fund C,2026-07-07,74.71074142192761
13,Fund C,fund,Fund C,2026-07-08,74.72878098516246
13,Fund C,fund,Fund C,2026-07-09,74.74468192952443
13,Fund C,fund,Fund C,2026-07-10,74.76051437260274
13,Fund C,fund,Fund C,2026-07-13,74.82471924943259
13,Fund C,fund,Fund C,2026-07-14,74.87132856758194
13,Fund C,fund,Fund C,2026-07-15,74.91796534554896
13,Fund C,fund,Fund C,2026-07-16,74.9645702712345
13,Fund C,fund,Fund C,2026-07-17,75.011117328878
13,Fund C,fund,Fund C,2026-07-20,75.07567360676656
13,Fund C,fund,Fund C,2026-07-21,75.12247923760557
13,Fund C,fund,Fund C,2026-07-22,75.16943946261206
13,Fund C,fund,Fund C,2026-07-23,75.21631501309334
13,Fund C,fund,Fund C,2026-07-24,75.26315907304871
13,Fund C,fund,Fund C,2026-07-27,75.32697722724313
13,Fund C,fund,Fund C,2026-07-28,75.37380362641015
13,Fund C,fund,Fund C,2026-07-29,75.42084293948696
13,Fund C,fund,Fund C,2026-07-30,75.46779717279325
13,Fund C,fund,Fund C,2026-07-31,75.51422216264173
13,Fund C,fund,Fund C,2026-08-03,75.57818283765855
13,Fund C,fund,Fund C,2026-08-04,75.5854683042604
13,Fund C,fund,Fund C,2026-08-05,75.59209405719386
13,Fund C,fund,Fund C,2026-08-06,75.5991224371586
13,Fund C,fund,Fund C,2026-08-07,75.6378802163567
13,Fund C,fund,Fund C,2026-08-10,75.69427725450592
13,Fund C,fund,Fund C,2026-08-11,75.73393773246113
13,Fund C,benchmark,100% CDI + 0% a.a.,2026-01-30,100
13,Fund C,benchmark,100% CDI + 0% a.a.,2026-02-02,100.05513106415658
13,Fund C,benchmark,100% CDI + 0% a.a.,2026-02-03,100.11029252265642
13,Fund C,benchmark,100% CDI + 0% a.a.,2026-02-04,100.16548439224825
13,Fund C,benchmark,100% CDI + 0% a.a.,2026-02-05,100.22070668971007
13,Fund C,benchmark,100% CDI + 0% a.a.,2026-02-06,100.27595943181015
13,Fund C,benchmark,100% CDI + 0% a.a.,2026-02-09,100.3312426353363
13,Fund C,benchmark,100% CDI + 0% a.a.,2026-02-10,100.38655631707631
13,Fund C,benchmark,100% CDI + 0% a.a.,2026-02-11,100.44190049383757
13,Fund C,benchmark,100% CDI + 0% a.a.,2026-02-12,100.4972751824372
13,Fund C,benchmark,100% CDI + 0% a.a.,2026-02-13,100.55268039969236
13,Fund C,benchmark,100% CDI + 0% a.a.,2026-02-18,100.60811616242997
13,Fund C,benchmark,100% CDI + 0% a.a.,2026-02-19,100.66358248749648
13,Fund C,benchmark,100% CDI + 0% a.a.,2026-02-20,100.71907939173838
13,Fund C,benchmark,100% CDI + 0% a.a.,2026-02-23,100.77460689201192
13,Fund C,benchmark,100% CDI + 0% a.a.,2026-02-24,100.83016500519291
13,Fund C,benchmark,100% CDI + 0% a.a.,2026-02-25,100.88575374814737
13,Fund C,benchmark,100% CDI + 0% a.a.,2026-02-26,100.94137313777065
13,Fund C,benchmark,100% CDI + 0% a.a.,2026-02-27,100.99702319094837
13,Fund C,benchmark,100% CDI + 0% a.a.,2026-03-02,101.0527039245954
13,Fund C,benchmark,100% CDI + 0% a.a.,2026-03-03,101.1084153556267
13,Fund C,benchmark,100% CDI + 0% a.a.,2026-03-04,101.16415750095716
13,Fund C,benchmark,100% CDI + 0% a.a.,2026-03-05,101.21993037753103
13,Fund C,benchmark,100% CDI + 0% a.a.,2026-03-06,101.27573400228277
13,Fund C,benchmark,100% CDI + 0% a.a.,2026-03-09,101.33156839216643
13,Fund C,benchmark,100% CDI + 0% a.a.,2026-03-10,101.3874335641458
13,Fund C,benchmark,100% CDI + 0% a.a.,2026-03-11,101.44332953518467
13,Fund C,benchmark,100% CDI + 0% a.a.,2026-03-12,101.49925632226642
13,Fund C,benchmark,100% CDI + 0% a.a.,2026-03-13,101.55521394238417
13,Fund C,benchmark,100% CDI + 0% a.a.,2026-03-16,101.61120241253107
13,Fund C,benchmark,100% CDI + 0% a.a.,2026-03-17,101.66722174971979
13,Fund C,benchmark,100% CDI + 0% a.a.,2026-03-18,101.72327197096303
13,Fund C,benchmark,100% CDI + 0% a.a.,2026-03-19,101.77935309329303
13,Fund C,benchmark,100% CDI + 0% a.a.,2026-03-20,101.8345849172255
13,Fund C,benchmark,100% CDI + 0% a.a.,2026-03-23,101.889846713391
13,Fund C,benchmark,100% CDI + 0% a.a.,2026-03-24,101.94513849805911
13,Fund C,benchmark,100% CDI + 0% a.a.,2026-03-25,102.00046028748967
13,Fund C,benchmark,100% CDI + 0% a.a.,2026-03-26,102.05581209797187
13,Fund C,benchmark,100% CDI + 0% a.a.,2026-03-27,102.11119394580462
13,Fund C,benchmark,100% CDI + 0% a.a.,2026-03-30,102.16660584727708
13,Fund C,benchmark,100% CDI + 0% a.a.,2026-03-31,102.22204781870775
13,Fund C,benchmark,100% CDI + 0% a.a.,2026-04-01,102.27751987640535
13,Fund C,benchmark,100% CDI + 0% a.a.,2026-04-02,102.33302203669815
13,Fund C,benchmark,100% CDI + 0% a.a.,2026-04-06,102.3885543159242
13,Fund C,benchmark,100% CDI + 0% a.a.,2026-04-07,102.44411673043132
13,Fund C,benchmark,100% CDI + 0% a.a.,2026-04-08,102.49970929656735
13,Fund C,benchmark,100% CDI + 0% a.a.,2026-04-09,102.55533203069965
13,Fund C,benchmark,100% CDI + 0% a.a.,2026-04-10,102.6109849491956
13,Fund C,benchmark,100% CDI + 0% a.a.,2026-04-13,102.66666806843237
13,Fund C,benchmark,100% CDI + 0% a.a.,2026-04-14,102.72238140480668
13,Fund C,benchmark,100% CDI + 0% a.a.,2026-04-15,102.77812497470546
13,Fund C,benchmark,100% CDI + 0% a.a.,2026-04-16,102.83389879454496
13,Fund C,benchmark,100% CDI + 0% a.a.,2026-04-17,102.88970288074148
13,Fund C,benchmark,100% CDI + 0% a.a.,2026-04-20,102.94553724971126
13,Fund C,benchmark,100% CDI + 0% a.a.,2026-04-22,103.00140191789013
13,Fund C,benchmark,100% CDI + 0% a.a.,2026-04-23,103.0572969017237
13,Fund C,benchmark,100% CDI + 0% a.a.,2026-04-24,103.11322221765755
13,Fund C,benchmark,100% CDI + 0% a.a.,2026-04-27,103.16917788215686
13,Fund C,benchmark,100% CDI + 0% a.a.,2026-04-28,103.22516391168676
13,Fund C,benchmark,100% CDI + 0% a.a.,2026-04-29,103.28118032273198
13,Fund C,benchmark,100% CDI + 0% a.a.,2026-04-30,103.33722713177723
13,Fund C,benchmark,100% CDI + 0% a.a.,2026-05-04,103.39240872275175
13,Fund C,benchmark,100% CDI + 0% a.a.,2026-05-05,103.44761978043798
13,Fund C,benchmark,100% CDI + 0% a.a.,2026-05-06,103.50286032056775
13,Fund C,benchmark,100% CDI + 0% a.a.,2026-05-07,103.5581303588827
13,Fund C,benchmark,100% CDI + 0% a.a.,2026-05-08,103.61342991113425
13,Fund C,benchmark,100% CDI + 0% a.a.,2026-05-11,103.66875899309332
13,Fund C,benchmark,100% CDI + 0% a.a.,2026-05-12,103.72411762052113
13,Fund C,benchmark,100% CDI + 0% a.a.,2026-05-13,103.77950580918862
13,Fund C,benchmark,100% CDI + 0% a.a.,2026-05-14,103.8349235748863
13,Fund C,benchmark,100% CDI + 0% a.a.,2026-05-15,103.89037093341447
13,Fund C,benchmark,100% CDI + 0% a.a.,2026-05-18,103.94584790056365
13,Fund C,benchmark,100% CDI + 0% a.a.,2026-05-19,104.00135449215367
13,Fund C,benchmark,100% CDI + 0% a.a.,2026-05-20,104.05689072400438
13,Fund C,benchmark,100% CDI + 0% a.a.,2026-05-21,104.11245661193563
13,Fund C,benchmark,100% CDI + 0% a.a.,2026-05-22,104.16805217178681
13,Fund C,benchmark,100% CDI + 0% a.a.,2026-05-25,104.22367741940711
13,Fund C,benchmark,100% CDI + 0% a.a.,2026-05-26,104.27933237064572
13,Fund C,benchmark,100% CDI + 0% a.a.,2026-05-27,104.33501704137134
13,Fund C,benchmark,100% CDI + 0% a.a.,2026-05-28,104.39073144744295
13,Fund C,benchmark,100% CDI + 0% a.a.,2026-05-29,104.44647560474883
13,Fund C,benchmark,100% CDI + 0% a.a.,2026-06-01,104.5022495291675
13,Fund C,benchmark,100% CDI + 0% a.a.,2026-06-02,104.558053236597
13,Fund C,benchmark,100% CDI + 0% a.a.,2026-06-03,104.6138867429452
13,Fund C,benchmark,100% CDI + 0% a.a.,2026-06-05,104.66975006411994
13,Fund C,benchmark,100% CDI + 0% a.a.,2026-06-08,104.7256432160486
13,Fund C,benchmark,100% CDI + 0% a.a.,2026-06-09,104.7815662146488
13,Fund C,benchmark,100% CDI + 0% a.a.,2026-06-10,104.8375190758675
13,Fund C,benchmark,100% CDI + 0% a.a.,2026-06-11,104.89350181565167
13,Fund C,benchmark,100% CDI + 0% a.a.,2026-06-12,104.94951444995802
13,Fund C,benchmark,100% CDI + 0% a.a.,2026-06-15,105.00555699474327
13,Fund C,benchmark,100% CDI + 0% a.a.,2026-06-16,105.06162946598373
13,Fund C,benchmark,100% CDI + 0% a.a.,2026-06-17,105.11773187965566
13,Fund C,benchmark,100% CDI + 0% a.a.,2026-06-18,105.17386425175492
13,Fund C,benchmark,100% CDI + 0% a.a.,2026-06-19,105.22911306113714
13,Fund C,benchmark,100% CDI + 0% a.a.,2026-06-22,105.28439089323896
13,Fund C,benchmark,100% CDI + 0% a.a.,2026-06-23,105.33969776329361
13,Fund C,benchmark,100% CDI + 0% a.a.,2026-06-24,105.39503368656362
13,Fund C,benchmark,100% CDI + 0% a.a.,2026-06-25,105.4503986783115
13,Fund C,benchmark,100% CDI + 0% a.a.,2026-06-26,105.5057927537998
13,Fund C,benchmark,100% CDI + 0% a.a.,2026-06-29,105.5612159283106
13,Fund C,benchmark,100% CDI + 0% a.a.,2026-06-30,105.61666821713577
13,Fund C,benchmark,100% CDI + 0% a.a.,2026-07-01,105.6721496355574
13,Fund C,benchmark,100% CDI + 0% a.a.,2026-07-02,105.72766019888691
13,Fund C,benchmark,100% CDI + 0% a.a.,2026-07-03,105.78319992243573
13,Fund C,benchmark,100% CDI + 0% a.a.,2026-07-06,105.83876882151526
13,Fund C,benchmark,100% CDI + 0% a.a.,2026-07-07,105.89436691145649
13,Fund C,benchmark,100% CDI + 0% a.a.,2026-07-08,105.9499942075904
13,Fund C,benchmark,100% CDI + 0% a.a.,2026-07-09,106.00565072525772
13,Fund C,benchmark,100% CDI + 0% a.a.,2026-07-10,106.06133647981879
13,Fund C,benchmark,100% CDI + 0% a.a.,2026-07-13,106.1170514866241
13,Fund C,benchmark,100% CDI + 0% a.a.,2026-07-14,106.17279576103401
13,Fund C,benchmark,100% CDI + 0% a.a.,2026-07-15,106.22856931842834
13,Fund C,benchmark,100% CDI + 0% a.a.,2026-07-16,106.28437217419673
13,Fund C,benchmark,100% CDI + 0% a.a.,2026-07-17,106.34020434371908
13,Fund C,benchmark,100% CDI + 0% a.a.,2026-07-20,106.39606584240454
13,Fund C,benchmark,100% CDI + 0% a.a.,2026-07-21,106.45195668565256
13,Fund C,benchmark,100% CDI + 0% a.a.,2026-07-22,106.5078768888821
13,Fund C,benchmark,100% CDI + 0% a.a.,2026-07-23,106.56382646751211
13,Fund C,benchmark,100% CDI + 0% a.a.,2026-07-24,106.61980543698117
13,Fund C,benchmark,100% CDI + 0% a.a.,2026-07-27,106.67581381271798
13,Fund C,benchmark,100% CDI + 0% a.a.,2026-07-28,106.73185161018064
13,Fund C,benchmark,100% CDI + 0% a.a.,2026-07-29,106.78791884481747
13,Fund C,benchmark,100% CDI + 0% a.a.,2026-07-30,106.8440155320963
13,Fund C,benchmark,100% CDI + 0% a.a.,2026-07-31,106.900141687485
13,Fund C,benchmark,100% CDI + 0% a.a.,2026-08-03,106.95629732646121
13,Fund C,benchmark,100% CDI + 0% a.a.,2026-08-04,107.01248246452214
13,Fund C,benchmark,100% CDI + 0% a.a.,2026-08-05,107.06869711715517
13,Fund C,benchmark,100% CDI + 0% a.a.,2026-08-06,107.12494129986727
13,Fund C,benchmark,100% CDI + 0% a.a.,2026-08-07,107.18028251205982
13,Fund C,benchmark,100% CDI + 0% a.a.,2026-08-10,107.23565231376436
13,Fund C,benchmark,100% CDI + 0% a.a.,2026-08-11,107.2910507197448
14,Fund D,fund,Fund D,2026-04-15,100
14,Fund D,fund,Fund D,2026-04-16,99.99999998722932
14,Fund D,fund,Fund D,2026-04-17,99.99999997445863
14,Fund D,fund,Fund D,2026-04-20,99.99999996168795
14,Fund D,fund,Fund D,2026-04-22,99.99999994891728
14,Fund D,fund,Fund D,2026-04-23,99.9999999361466
14,Fund D,fund,Fund D,2026-04-24,99.99999992337591
14,Fund D,fund,Fund D,2026-04-27,99.99999991060523
14,Fund D,fund,Fund D,2026-04-28,99.99999989783454
14,Fund D,fund,Fund D,2026-04-29,99.99999988506386
14,Fund D,fund,Fund D,2026-04-30,99.92642739608277
14,Fund D,fund,Fund D,2026-05-04,99.92642737479831
14,Fund D,fund,Fund D,2026-05-05,99.92642735351383
14,Fund D,fund,Fund D,2026-05-06,99.92642733222937
14,Fund D,fund,Fund D,2026-05-07,99.92642731094489
14,Fund D,fund,Fund D,2026-05-08,99.92642728966042
14,Fund D,fund,Fund D,2026-05-11,99.92642726837596
14,Fund D,fund,Fund D,2026-05-12,99.92642724709148
14,Fund D,fund,Fund D,2026-05-13,99.92642722580702
14,Fund D,fund,Fund D,2026-05-14,99.92642720452254
14,Fund D,fund,Fund D,2026-05-15,99.92642718323808
14,Fund D,fund,Fund D,2026-05-18,99.9264271619536
14,Fund D,fund,Fund D,2026-05-19,99.92642714066913
14,Fund D,fund,Fund D,2026-05-20,99.92642711938467
14,Fund D,fund,Fund D,2026-05-21,99.92642709810019
14,Fund D,fund,Fund D,2026-05-22,99.92642707681573
14,Fund D,fund,Fund D,2026-05-25,99.92642705553125
14,Fund D,fund,Fund D,2026-05-26,99.92642703424679
14,Fund D,fund,Fund D,2026-05-27,99.92642701296232
14,Fund D,fund,Fund D,2026-05-28,99.92642699167784
14,Fund D,fund,Fund D,2026-05-29,99.84121110000373
14,Fund D,fund,Fund D,2026-06-01,99.8412110812734
14,Fund D,fund,Fund D,2026-06-02,99.84121106254307
14,Fund D,fund,Fund D,2026-06-03,99.84121104381273
14,Fund D,fund,Fund D,2026-06-05,99.8412110250824
14,Fund D,fund,Fund D,2026-06-08,99.84121100635207
14,Fund D,fund,Fund D,2026-06-09,99.84121098762174
14,Fund D,fund,Fund D,2026-06-10,99.8412109688914
14,Fund D,fund,Fund D,2026-06-11,99.84121095016107
14,Fund D,fund,Fund D,2026-06-12,99.84121093143074
14,Fund D,fund,Fund D,2026-06-15,99.8412109127004
14,Fund D,fund,Fund D,2026-06-16,99.84121089397007
14,Fund D,fund,Fund D,2026-06-17,99.84121087523974
14,Fund D,fund,Fund D,2026-06-18,99.8412108565094
14,Fund D,fund,Fund D,2026-06-19,99.84121083777907
14,Fund D,fund,Fund D,2026-06-22,99.84121081904874
14,Fund D,fund,Fund D,2026-06-23,99.84121080031841
14,Fund D,fund,Fund D,2026-06-24,99.8009913436137
14,Fund D,fund,Fund D,2026-06-25,99.79670366551021
14,Fund D,fund,Fund D,2026-06-26,99.79241598740671
14,Fund D,fund,Fund D,2026-06-29,99.78812825566635
14,Fund D,fund,Fund D,2026-06-30,99.80421450024731
14,Fund D,fund,Fund D,2026-07-01,99.80028345961061
14,Fund D,fund,Fund D,2026-07-02,99.79635241812252
14,Fund D,fund,Fund D,2026-07-03,99.79242137748582
14,Fund D,fund,Fund D,2026-07-06,99.78849033684912
14,Fund D,fund,Fund D,2026-07-07,99.78455929621242
14,Fund D,fund,Fund D,2026-07-08,99.78062830921259
14,Fund D,fund,Fund D,2026-07-09,99.77669726857589
14,Fund D,fund,Fund D,2026-07-10,99.7727662270878
14,Fund D,fund,Fund D,2026-07-13,99.77283252054865
14,Fund D,fund,Fund D,2026-07-14,99.76890147991195
14,Fund D,fund,Fund D,2026-07-15,99.76614588177938
14,Fund D,fund,Fund D,2026-07-16,99.76276178901313
14,Fund D,fund,Fund D,2026-07-17,99.75937295321563
14,Fund D,fund,Fund D,2026-07-20,99.75598228525098
14,Fund D,fund,Fund D,2026-07-21,99.7525995938542
14,Fund D,fund,Fund D,2026-07-22,99.74920094847029
14,Fund D,fund,Fund D,2026-07-23,99.74581884963315
14,Fund D,fund,Fund D,2026-07-24,99.74243049912157
14,Fund D,fund,Fund D,2026-07-27,99.73904209412174
14,Fund D,fund,Fund D,2026-07-28,99.73565827124256
14,Fund D,fund,Fund D,2026-07-29,99.73227800457258
14,Fund D,fund,Fund D,2026-07-30,99.72888652779808
14,Fund D,fund,Fund D,2026-07-31,99.74602414345213
14,Fund D,fund,Fund D,2026-08-03,99.74173641171177
14,Fund D,fund,Fund D,2026-08-04,99.73744873360828
14,Fund D,fund,Fund D,2026-08-05,99.7331610555048
14,Fund D,fund,Fund D,2026-08-06,99.76490597883293
14,Fund D,fund,Fund D,2026-08-07,99.76087792273175
14,Fund D,fund,Fund D,2026-08-10,99.75684825071363
14,Fund D,fund,Fund D,2026-08-11,99.75340390161351
14,Fund D,benchmark,100% CDI + 0% a.a.,2026-04-15,100
14,Fund D,benchmark,100% CDI + 0% a.a.,2026-04-16,100.05426623598478
14,Fund D,benchmark,100% CDI + 0% a.a.,2026-04-17,100.10856192021744
14,Fund D,benchmark,100% CDI + 0% a.a.,2026-04-20,100.1628870686705
14,Fund D,benchmark,100% CDI + 0% a.a.,2026-04-22,100.21724169733552
14,Fund D,benchmark,100% CDI + 0% a.a.,2026-04-23,100.27162582221358
14,Fund D,benchmark,100% CDI + 0% a.a.,2026-04-24,100.32603945930573
14,Fund D,benchmark,100% CDI + 0% a.a.,2026-04-27,100.38048262463208
14,Fund D,benchmark,100% CDI + 0% a.a.,2026-04-28,100.43495533421273
14,Fund D,benchmark,100% CDI + 0% a.a.,2026-04-29,100.4894576040868
14,Fund D,benchmark,100% CDI + 0% a.a.,2026-04-30,100.54398945029341
14,Fund D,benchmark,100% CDI + 0% a.a.,2026-05-04,100.59767946554528
14,Fund D,benchmark,100% CDI + 0% a.a.,2026-05-05,100.65139815101442
14,Fund D,benchmark,100% CDI + 0% a.a.,2026-05-06,100.70514552200738
14,Fund D,benchmark,100% CDI + 0% a.a.,2026-05-07,100.75892159384034
14,Fund D,benchmark,100% CDI + 0% a.a.,2026-05-08,100.8127263818389
14,Fund D,benchmark,100% CDI + 0% a.a.,2026-05-11,100.86655990134774
14,Fund D,benchmark,100% CDI + 0% a.a.,2026-05-12,100.92042216770201
14,Fund D,benchmark,100% CDI + 0% a.a.,2026-05-13,100.97431319624638
14,Fund D,benchmark,100% CDI + 0% a.a.,2026-05-14,101.02823300234455
14,Fund D,benchmark,100% CDI + 0% a.a.,2026-05-15,101.0821816013697
14,Fund D,benchmark,100% CDI + 0% a.a.,2026-05-18,101.13615900868552
14,Fund D,benchmark,100% CDI + 0% a.a.,2026-05-19,101.19016523968428
14,Fund D,benchmark,100% CDI + 0% a.a.,2026-05-20,101.24420030975816
14,Fund D,benchmark,100% CDI + 0% a.a.,2026-05-21,101.29826423429942
14,Fund D,benchmark,100% CDI + 0% a.a.,2026-05-22,101.35235702871931
14,Fund D,benchmark,100% CDI + 0% a.a.,2026-05-25,101.40647870843861
14,Fund D,benchmark,100% CDI + 0% a.a.,2026-05-26,101.46062928887807
14,Fund D,benchmark,100% CDI + 0% a.a.,2026-05-27,101.5148087854775
14,Fund D,benchmark,100% CDI + 0% a.a.,2026-05-28,101.56901721366718
14,Fund D,benchmark,100% CDI + 0% a.a.,2026-05-29,101.62325458890592
14,Fund D,benchmark,100% CDI + 0% a.a.,2026-06-01,101.67752092664306
14,Fund D,benchmark,100% CDI + 0% a.a.,2026-06-02,101.7318162423469
14,Fund D,benchmark,100% CDI + 0% a.a.,2026-06-03,101.78614055149531
14,Fund D,benchmark,100% CDI + 0% a.a.,2026-06-05,101.84049386956613
14,Fund D,benchmark,100% CDI + 0% a.a.,2026-06-08,101.89487621205625
14,Fund D,benchmark,100% CDI + 0% a.a.,2026-06-09,101.94928759445301
14,Fund D,benchmark,100% CDI + 0% a.a.,2026-06-10,102.00372803227232
14,Fund D,benchmark,100% CDI + 0% a.a.,2026-06-11,102.05819754103008
14,Fund D,benchmark,100% CDI + 0% a.a.,2026-06-12,102.11269613625171
14,Fund D,benchmark,100% CDI + 0% a.a.,2026-06-15,102.16722383346263
14,Fund D,benchmark,100% CDI + 0% a.a.,2026-06-16,102.22178064820726
14,Fund D,benchmark,100% CDI + 0% a.a.,2026-06-17,102.27636659603004
14,Fund D,benchmark,100% CDI + 0% a.a.,2026-06-18,102.33098169249446
14,Fund D,benchmark,100% CDI + 0% a.a.,2026-06-19,102.38473710921939
14,Fund D,benchmark,100% CDI + 0% a.a.,2026-06-22,102.4385207641707
14,Fund D,benchmark,100% CDI + 0% a.a.,2026-06-23,102.49233267216987
14,Fund D,benchmark,100% CDI + 0% a.a.,2026-06-24,102.54617284806685
14,Fund D,benchmark,100% CDI + 0% a.a.,2026-06-25,102.60004130671162
14,Fund D,benchmark,100% CDI + 0% a.a.,2026-06-26,102.6539380629542
14,Fund D,benchmark,100% CDI + 0% a.a.,2026-06-29,102.70786313166354
14,Fund D,benchmark,100% CDI + 0% a.a.,2026-06-30,102.76181652771822
14,Fund D,benchmark,100% CDI + 0% a.a.,2026-07-01,102.81579826598723
14,Fund D,benchmark,100% CDI + 0% a.a.,2026-07-02,102.8698083613681
14,Fund D,benchmark,100% CDI + 0% a.a.,2026-07-03,102.9238468287584
14,Fund D,benchmark,100% CDI + 0% a.a.,2026-07-06,102.97791368305566
14,Fund D,benchmark,100% CDI + 0% a.a.,2026-07-07,103.03200893917648
14,Fund D,benchmark,100% CDI + 0% a.a.,2026-07-08,103.0861326120374
14,Fund D,benchmark,100% CDI + 0% a.a.,2026-07-09,103.14028471656452
14,Fund D,benchmark,100% CDI + 0% a.a.,2026-07-10,103.19446526770298
14,Fund D,benchmark,100% CDI + 0% a.a.,2026-07-13,103.24867428038836
14,Fund D,benchmark,100% CDI + 0% a.a.,2026-07-14,103.30291176956575
14,Fund D,benchmark,100% CDI + 0% a.a.,2026-07-15,103.35717775019934
14,Fund D,benchmark,100% CDI + 0% a.a.,2026-07-16,103.41147223726274
14,Fund D,benchmark,100% CDI + 0% a.a.,2026-07-17,103.46579524572012
14,Fund D,benchmark,100% CDI + 0% a.a.,2026-07-20,103.52014679056413
14,Fund D,benchmark,100% CDI + 0% a.a.,2026-07-21,103.57452688677796
14,Fund D,benchmark,100% CDI + 0% a.a.,2026-07-22,103.62893554936379
14,Fund D,benchmark,100% CDI + 0% a.a.,2026-07-23,103.68337279332383
14,Fund D,benchmark,100% CDI + 0% a.a.,2026-07-24,103.73783863367927
14,Fund D,benchmark,100% CDI + 0% a.a.,2026-07-27,103.79233308544184
14,Fund D,benchmark,100% CDI + 0% a.a.,2026-07-28,103.84685616365178
14,Fund D,benchmark,100% CDI + 0% a.a.,2026-07-29,103.90140788333981
14,Fund D,benchmark,100% CDI + 0% a.a.,2026-07-30,103.95598825955571
14,Fund D,benchmark,100% CDI + 0% a.a.,2026-07-31,104.01059730734922
14,Fund D,benchmark,100% CDI + 0% a.a.,2026-08-03,104.0652350417796
14,Fund D,benchmark,100% CDI + 0% a.a.,2026-08-04,104.11990147792518
14,Fund D,benchmark,100% CDI + 0% a.a.,2026-08-05,104.17459663085472
14,Fund D,benchmark,100% CDI + 0% a.a.,2026-08-06,104.22932051565604
14,Fund D,benchmark,100% CDI + 0% a.a.,2026-08-07,104.28316583751432
14,Fund D,benchmark,100% CDI + 0% a.a.,2026-08-10,104.33703897610113
14,Fund D,benchmark,100% CDI + 0% a.a.,2026-08-11,104.39093994578128
